brand_name,model_name,best_price,screen_size,release_date,sim2
ALCATEL,1 1/8GB Bluish Black (5033D-2JALUAA),1690.0,5.0,10-2020,0
ALCATEL,1 5033D 1/16GB Volcano Black (5033D-2LALUAF),1803.0,5.0,9-2020,1
ALCATEL,1 5033D 1/16GB Volcano Black (5033D-2LALUAF),1803.0,5.0,9-2020,1
ALCATEL,1 5033D 1/16GB Volcano Black (5033D-2LALUAF),1803.0,5.0,9-2020,1
Nokia,1.3 1/16GB Charcoal,1999.0,5.71,4-2020,1
Honor,10 6/64GB Black,10865.0,5.8,6-2018,0
Honor,10 Lite 3/32GB Blue,3999.0,6.21,12-2018,0
Honor,10 Lite 4/64GB Black,4973.0,6.21,1-2019,1
Honor,10 lite 3/128GB Blue,5100.0,6.21,1-2021,1
Honor,10 lite 3/64GB Black,4948.0,6.21,12-2018,0
Honor,10 lite 3/64GB Black,4948.0,6.21,12-2018,1
Honor,10 lite 3/64GB Blue,5165.0,6.21,12-2018,0
Nokia,105 DS 2019 Pink (16KIGP01A01),583.0,1.77,10-2019,1
Nokia,105 Dual Sim 2019 Black (16KIGB01A01),601.0,1.77,11-2019,1
Nokia,105 Dual Sim 2019 Black (16KIGB01A01),601.0,1.77,11-2019,0
Nokia,105 Dual Sim New Black (A00028315),552.0,1.8,9-2017,0
Nokia,105 Single Sim 2019 Black (16KIGB01A13),536.0,1.77,11-2019,0
Nokia,105 Single Sim 2019 Pink (16KIGP01A13),547.0,1.77,11-2019,0
Nokia,105 Single Sim New Black (A00028356),663.0,1.8,9-2017,0
Nokia,105 Single Sim New Black (A00028356),663.0,1.8,9-2017,1
Nokia,105 Single Sim New Blue (A00028372),474.0,1.8,9-2017,0
Nokia,105 Single Sim New White (A00028371),499.0,1.8,9-2017,1
Nokia,106 New DS Grey (16NEBD01A02),596.0,1.8,1-2019,1
Nokia,106 New DS Grey (16NEBD01A02),596.0,1.8,1-2019,0
Honor,10i 4/128GB Black (51093VQV),5499.0,6.21,5-2019,0
Honor,10i 4/128GB Blue (51093VQX),5499.0,6.21,5-2019,0
Nokia,110 Dual Sim 2019 Black (16NKLB01A07),710.0,1.77,11-2019,1
Nokia,110 Dual Sim 2019 Blue (16NKLL01A04),702.0,1.77,11-2019,1
Nokia,125 Dual Sim Black (16GMNB01A17),992.0,2.4,7-2020,1
Meizu,15 4/128GB Black,6584.0,5.45,5-2018,1
Meizu,15 4/64GB Black,5272.0,5.45,5-2018,0
Meizu,15 4/64GB Black,5272.0,5.45,5-2018,0
Meizu,15 4/64GB Black,5272.0,5.45,5-2018,0
Meizu,15 Plus 6/64GB Black,5328.0,5.95,6-2018,1
Meizu,15 Plus 6/64GB Gray,5328.0,5.95,6-2018,1
Meizu,15 Plus 6/64GB Gray,5328.0,5.95,6-2018,1
Nokia,150 Black,1180.0,2.4,2-2017,0
Nokia,150 Dual Sim Cyan (16GMNE01A04),1190.0,2.4,7-2020,1
Nokia,150 Dual Sim Red (16GMNR01A02),1196.0,2.4,7-2020,0
Nokia,150 White,1090.0,2.4,2-2017,1
Meizu,16 6/128GB Black,5926.0,6.0,11-2018,1
Meizu,16 6/64GB Black,5231.0,6.0,11-2018,1
Meizu,16X 6/128GB Dual Purple,5649.0,6.0,3-2020,1
Meizu,16Xs 6/128GB Pearl White,7229.0,6.2,11-2020,0
Meizu,16th 6/64GB Black,7776.0,6.0,9-2018,1
ALCATEL,1B 5002H Pine Green (5002H-2BALUA12),2399.0,5.5,9-2020,0
ALCATEL,1B 5002H Prime Black (5002H-2AALUA12),2408.0,5.5,9-2020,0
ALCATEL,1SE 3/32GB Power Gray (5030D-2AALUA2),3249.0,6.22,10-2020,1
ALCATEL,1SE 4/128GB Agate Green (5030E-2BALUA2),3877.0,6.22,10-2020,0
ALCATEL,1SE 4/128GB Agate Green (5030E-2BALUA2),3877.0,6.22,10-2020,1
Nokia,2.2 2/16GB Black,2299.0,5.71,8-2019,0
Nokia,2.3 2/32GB Green,2799.0,6.2,2-2020,1
Nokia,2.4 2/32GB Charcoal,3162.0,6.5,9-2020,0
Honor,20 6/128GB Black,9999.0,6.26,7-2019,0
ALCATEL,2003 Dual SIM Dark Gray (2003D-2AALUA1),655.0,2.4,10-2020,1
ALCATEL,2003 Dual SIM Dark Gray (2003D-2AALUA1),655.0,2.4,10-2020,0
ALCATEL,2003 Dual SIM Metallic Blue (2003D-2BALUA1),654.0,2.4,10-2020,0
ALCATEL,2019 Single SIM Metallic Gray (2019G-3AALUA1),864.0,2.4,10-2020,0
ALCATEL,2053 Dual SIM Pure White (2053D-2BALUA1),900.0,2.4,10-2020,1
ALCATEL,2053 Dual SIM Volcano Black (2053D-2AALUA1),898.0,2.4,10-2020,1
Nokia,210 Dual SIM 2019 Black (16OTRB01A02),1153.0,2.4,5-2019,1
Nokia,230 Dual Blue (16PCML01A02),1864.0,2.8,3-2019,0
Nokia,230 Dual Dark Silver (A00026971),1847.0,2.8,12-2015,1
Nokia,2720 Flip Black (16BTSB01A10),2530.0,2.8,9-2019,0
Nokia,2720 Flip Red,2567.0,2.8,1-2020,1
Nokia,2720 Flip Red,2567.0,2.8,1-2020,0
realme,3 Pro 6/128GB Nitro Blue,7068.0,6.3,10-2019,1
realme,3 Pro 6/128GB Nitro Blue,7068.0,6.3,10-2019,1
Nokia,3.4 3/64GB Charcoal,3899.0,6.39,9-2020,1
OnePlus,3T 128GB (Gunmetal),6991.0,5.5,1-2017,0
OnePlus,3T 128GB (Gunmetal),6991.0,5.5,1-2017,1
OnePlus,3T 64GB (Gunmetal),5856.0,5.5,12-2016,0
ALCATEL,3X 5048Y Black (5048Y-2AALWE12),3590.0,6.52,9-2020,1
Archos,40 Neon,840.0,4.0,5-2016,0
Archos,40 Neon,840.0,4.0,5-2016,1
realme,5 4/128GB Violet,5757.0,6.5,3-2020,0
OnePlus,5 6/64GB Black,7333.0,5.5,6-2017,0
OnePlus,5 6/64GB Slate Grey,7333.0,5.5,6-2017,1
realme,5 Pro 8/128GB Green,8294.0,6.3,1-2020,0
realme,5 Pro 8/128GB Green,8294.0,6.3,1-2020,1
realme,5 Pro 8/128GB Green,8294.0,6.3,1-2020,0
Nokia,5.3 4/64GB Charcoal,4429.0,6.55,6-2020,0
Nokia,5.4 4/128GB Polar Night,9323.0,6.39,1-2021,0
Nokia,5310 2020 DualSim Black/Red (16PISXO1A18),1365.0,2.4,4-2020,0
realme,5i 4/64GB Green,4761.0,6.5,3-2020,0
realme,6 4/128GB Blue,5936.0,6.5,4-2020,1
realme,6 4/64GB Blue,5299.0,6.5,4-2020,1
Nokia,6 64GB Black,6381.0,5.5,4-2017,0
Nokia,6 64GB Silver,5265.0,5.5,5-2017,1
realme,6 8/128GB Blue,6767.0,6.5,4-2020,0
realme,6 Pro 8/128GB Blue,8045.0,6.6,4-2020,0
Nokia,6.1 4/32GB Black,3820.0,5.5,6-2018,0
Nokia,6.1 4/64GB Black,3962.0,5.5,3-2018,0
Nokia,6.1 Plus 4/64GB Blue,5020.0,5.8,9-2018,1
realme,6S 4/64GB Eclipse Black,5777.0,6.5,1-2021,0
realme,6S 4/64GB Eclipse Black,5777.0,6.5,1-2021,0
realme,6S 6/128GB Lunar White,6078.0,6.5,10-2020,0
OnePlus,6T 8/256GB Midnight Black,15625.0,6.41,10-2018,0
realme,6i 3/64GB White,4292.0,6.5,4-2020,1
realme,6i 4/128GB Green,4946.0,6.5,4-2020,1
Honor,7 16GB (Gold),2766.0,5.2,7-2015,0
Honor,7 16GB (Gold),2766.0,5.2,7-2015,0
Honor,7 16GB (Gold),2766.0,5.2,7-2015,0
realme,7 6/64GB Mist Blue,6215.0,6.5,2-2021,1
OnePlus,7 8/256GB Mirror Gray,14443.0,6.41,7-2019,1
Nokia,7 Plus 4/64GB Black,7612.0,6.0,3-2018,1
realme,7 Pro 8/128GB Mirror Blue,8584.0,6.4,10-2020,0
OnePlus,8 12/256GB Onyx Black,17172.0,6.55,4-2020,1
Honor,8 3/32GB Blue,3613.0,5.2,5-2018,0
Honor,8 4/64GB (Blue),3499.0,5.2,11-2016,0
OnePlus,8 8/128GB Onyx Black,15840.0,6.55,4-2020,0
Nokia,8 Dual SIM Silver,6222.0,5.3,10-2017,1
OnePlus,8 Pro 12/256GB Glacial Green,22587.0,6.78,4-2020,0
OnePlus,8 Pro 8/128GB Onyx Black,20709.0,6.78,4-2020,0
Nokia,8.3 5G 8/128GB Polar Night,19041.0,6.81,10-2020,1
Nokia,800 Tough Black,3241.0,2.4,10-2019,1
Nokia,800 Tough Sand,3216.0,2.4,1-2020,1
Honor,8A 2/32GB Gold,3199.0,6.09,3-2019,0
Honor,8A 3/64GB Blue,3844.0,6.09,11-2019,1
Honor,8A 3/64GB Blue,3844.0,6.09,11-2019,0
Honor,8S 2/32GB Black (51093ULM),2499.0,5.7,5-2019,1
Honor,8S 2/32GB Black (51093ULM),2499.0,5.7,5-2019,1
OnePlus,8T 12/256GB Cyberpunk 2077 Limited Edition,23999.0,6.55,1-2021,1
OnePlus,8T 12/256GB Lunar Silver,18200.0,6.55,10-2020,1
OnePlus,8T 8/128GB Aquamarine Green,16845.0,6.55,10-2020,1
Honor,8x Max 4/64GB Black,5652.0,7.12,10-2018,1
Honor,8x Max 4/64GB Black,5652.0,7.12,10-2018,1
Honor,8x Max 4/64GB Blue,5844.0,7.12,11-2018,1
Honor,9 4/64GB Dual Blue,4461.0,5.15,9-2017,1
Honor,9 Lite 3/32GB Midnight Black,3491.0,5.65,3-2018,1
Honor,9i 3/32GB Black,3424.0,5.84,6-2020,0
Honor,9i 3/32GB Black,3424.0,5.84,6-2020,1
Honor,9i 4/64GB Blue,4009.0,5.84,12-2018,1
Honor,9i 4/64GB Blue,4009.0,5.84,12-2018,0
Honor,9x 4/128GB Black,5599.0,6.59,11-2019,1
Ulefone,A1 Dual Black,817.0,2.4,2-2019,0
Ulefone,A1 Dual Gold,834.0,2.4,2-2019,1
Ulefone,A1 Silver,805.0,2.4,12-2019,1
AGM,A10 6/128GB Black,5628.0,5.7,10-2020,0
OPPO,A12 3/32GB Black,3520.0,6.22,6-2020,0
OPPO,A12 4/64GB Blue,3949.0,6.22,8-2020,1
Astro,A144 Black/Red,214.0,1.77,9-2019,0
Astro,A167 Black/Red,599.0,3.2,10-2020,1
Astro,A167 Black/Red,599.0,3.2,10-2020,1
Astro,A167 Black/Red,599.0,3.2,10-2020,1
Astro,A169 Black Gray,399.0,1.77,4-2020,0
Rezone,A170 Point Black,252.0,1.77,4-2019,0
Rezone,A170 Point Black,252.0,1.77,4-2019,0
Rezone,A170 Point Dark Blue,252.0,1.77,4-2019,1
Rezone,A170 Point Dark Blue,252.0,1.77,4-2019,0
Rezone,A170 Point Dark Blue,252.0,1.77,4-2019,1
Astro,A173 Black/Orange,279.0,1.77,6-2018,0
Astro,A225 Black,359.0,2.4,6-2018,1
Astro,A225 Black,359.0,2.4,6-2018,0
Rezone,A240 Experience Red,308.0,2.4,4-2019,1
Rezone,A281 Force Black,632.0,2.8,4-2019,0
Blackview,A30 2/16GB Black,1852.0,5.5,9-2018,1
Blackview,A30 2/16GB Black,1852.0,5.5,9-2018,1
OPPO,A31 4/64GB Mystery Black,4471.0,6.5,3-2020,1
OPPO,A5 2020 3/64GB Black,4773.0,6.5,11-2019,1
Archos,A50 GRANITE 2/16GB Black,1599.0,5.0,11-2018,0
Bravis,A512 Harmony Pro DS Black,2199.0,5.0,1-2019,0
OPPO,A52 4/64GB Twilight Black,5448.0,6.5,5-2020,0
OPPO,A53 4/128GB Electric Black,5683.0,6.5,11-2020,1
OPPO,A53 4/64GB Black,5257.0,6.5,10-2020,0
NUU,A5L+ 2/16GB Grey,1599.0,5.5,1-2020,1
OPPO,A5s 3/32Gb Blue,3266.0,6.2,8-2019,0
Blackview,A60 1/16GB Black,1910.0,6.1,5-2019,0
Blackview,A60 Plus 4/64GB Black,2831.0,6.08,12-2020,0
Blackview,A60 Pro 3/16GB Black,2465.0,6.08,7-2019,0
Lenovo,A7 2/32GB L19111 Blue,3391.0,6.09,7-2020,0
UMIDIGI,A7 Pro 4/128GB Black,3868.0,6.3,8-2020,1
UMIDIGI,A7 Pro 4/128GB Black,3868.0,6.3,8-2020,0
UMIDIGI,A7 Pro 4/64GB Black,3327.0,6.3,6-2020,1
OPPO,A72 4/128GB Aurora Purple,6867.0,6.5,5-2020,1
OPPO,A73 4/128GB Navy Blue,6615.0,6.44,12-2020,1
UMIDIGI,A7S 2/32GB Black,2479.0,6.53,11-2020,1
AGM,A8 3/32GB Black,4463.0,5.0,10-2017,1
Blackview,A80 2/16GB Red,2232.0,6.21,6-2020,0
Blackview,A80 Pro 4/64GB Black,3250.0,6.49,1-2020,0
OPPO,A9 2020 4/128GB Marine Green,6039.0,6.5,11-2019,1
OPPO,A9 2020 4/128GB Space Purple,5699.0,6.5,11-2019,1
AGM,A9 4/32GB Black,5851.0,5.99,5-2019,0
AGM,A9 4/64GB Black,6900.0,5.99,2-2019,1
OPPO,A91 8/128GB Black,8141.0,6.4,4-2020,1
Assistant,AS-201 Dual Sim Blue,294.0,2.4,12-2018,0
Assistant,AS-203 Dual Sim Black,398.0,2.2,10-2019,1
Crosscall,Action-X3 3/32GB Black,3460.0,5.0,8-2020,0
Sharp,Aquos D10 4/64GB Black,7827.0,5.99,6-2019,1
Ulefone,Armor 10 5G 8/128GB Black,12913.0,6.67,1-2021,1
Ulefone,Armor 3W 6/64GB Black,6692.0,5.7,6-2020,1
Ulefone,Armor 3WT 6/64GB Black,7498.0,5.7,11-2019,1
Ulefone,Armor 7E 4/128GB Black,7958.0,6.3,7-2020,1
Ulefone,Armor 7E 4/128GB Black,7958.0,6.3,7-2020,0
Ulefone,Armor 8 4/64GB Black (6937748733744),5943.0,6.1,10-2020,0
Ulefone,Armor 9 8/128GB Black (6937748733515),15611.0,6.3,8-2020,1
Ulefone,Armor 9E 8/128GB Black (6937748733805),11062.0,6.3,9-2020,1
Ulefone,Armor 9E 8/128GB Black (6937748733805),11062.0,6.3,9-2020,0
Ulefone,Armor Mini Black,1274.0,2.4,6-2018,1
Ulefone,Armor Mini Red,1299.0,2.4,6-2018,0
Ulefone,Armor X3 2/32GB Black,3155.0,5.5,9-2020,0
Ulefone,Armor X5 3/32GB Red (6937748733256),3768.0,5.5,5-2020,1
Ulefone,Armor X5 Pro 4/64GB Black (6937748733829),4251.0,5.5,9-2020,1
Ulefone,Armor X6 2/16GB Orange,2786.0,5.0,4-2020,1
Ulefone,Armor X7 2/16GB Orange,3072.0,5.0,6-2020,0
Ulefone,Armor X7 Pro 4/32GB Black,3550.0,5.0,9-2020,0
Ulefone,Armor X8 4/64GB Black,4424.0,5.7,12-2020,0
ERGO,B181 DUAL SIM BLACK,275.0,1.8,12-2020,0
Tecno,B1P DS Champagne Gold,1699.0,5.45,1-2019,0
Tecno,B1P DS Champagne Gold,1699.0,5.45,1-2019,0
Astro,B200RX (White),646.0,2.0,5-2016,0
Astro,B200RX (Yellow),655.0,2.0,5-2016,1
ERGO,B241 Black,400.0,2.4,12-2020,1
CAT,B26 Black,1488.0,2.4,12-2019,1
ERGO,B505 Unit 4G Dual Sim Black,1715.0,5.0,12-2018,0
DOOGEE,BL5000 Black (6924351609900),3107.0,5.5,8-2017,0
DOOGEE,BL5000 Black (6924351609900),3107.0,5.5,8-2017,1
DOOGEE,BL5500 Lite 2/16GB Dual Sim Gold,2323.0,6.19,1-2019,0
Blackview,BV1000 Black,992.0,2.4,1-2019,1
Blackview,BV4900 3/32GB Black,2974.0,5.7,11-2020,0
Blackview,BV4900 Pro 4/64GB Orange,3474.0,5.7,1-2021,1
Blackview,BV5100 4/128GB Green,4727.0,5.7,12-2020,0
Blackview,BV5100 Pro 4/128GB Black,6789.0,5.7,1-2021,1
Blackview,BV5500 2/16GB Black,2596.0,5.5,2-2019,0
Blackview,BV5500 Plus 3/32GB Black,2720.0,5.5,6-2020,0
Blackview,BV5500 Pro 3/16GB Black,3566.0,5.5,6-2019,1
Blackview,BV5500 Pro 3/16GB Black,3566.0,5.5,6-2019,1
Blackview,BV5800 Pro 2/16GB Black,2394.0,5.5,9-2018,0
Blackview,BV5900 3/32GB Black,3668.0,5.7,12-2019,0
Blackview,BV6100 3/16GB Black,3386.0,6.88,9-2019,1
Blackview,BV6300 3/32GB Black,3762.0,5.7,11-2020,0
Blackview,BV6300 Pro 6/128GB Black,5418.0,5.7,8-2020,0
Blackview,BV6800 Pro 4/64GB Black,6801.0,5.7,11-2018,0
Blackview,BV6900 4/64GB Black,4793.0,5.84,7-2020,1
Blackview,BV8000 Pro Lion Gold,4584.0,5.0,7-2017,1
Blackview,BV8000 Pro Lion Gold,4584.0,5.0,7-2017,1
Blackview,BV9100 4/64GB Black,5355.0,6.3,10-2019,0
Blackview,BV9500 Black,6356.0,5.7,9-2018,0
Blackview,BV9500 Plus 4/64GB Black,5851.0,5.7,10-2019,1
Blackview,BV9500 Pro 6/128GB Black,8087.0,5.7,10-2018,0
Blackview,BV9600 4/64GB Silver,6072.0,6.21,8-2019,0
Blackview,BV9600 4/64GB Silver,6072.0,6.21,8-2019,1
Blackview,BV9600 Pro 6/128GB Black,6898.0,6.21,2-2019,1
Blackview,BV9600 Pro 6/128GB Black,6898.0,6.21,2-2019,0
Blackview,BV9600E 4/128GB Grey,6126.0,6.21,6-2020,0
Blackview,BV9700 Pro 6/128GB Black,6967.0,5.84,8-2019,0
Blackview,BV9700 Pro 6/128GB Black + Night Vision Camera,7686.0,5.84,8-2019,0
Blackview,BV9800 6/128Gb Black,10064.0,6.3,2-2020,1
Blackview,BV9800 6/128Gb Black,10064.0,6.3,2-2020,0
Blackview,BV9800 Pro 6/128GB Orange,10436.0,6.3,5-2020,1
Blackview,BV9900 8/256GB Black,9916.0,5.84,5-2020,1
Blackview,BV9900 Pro 8/128GB Gray,12667.0,5.84,6-2020,1
Blackview,BV9900E 6/128GB Black,7608.0,5.84,11-2020,0
UMIDIGI,Bison 6/128GB Red,4994.0,6.3,12-2020,0
Xiaomi,Black Shark 2 Pro 8/128GB Black,15149.0,6.39,11-2019,1
Xiaomi,Black Shark 2 Pro 8/128GB Iceberg Grey,15399.0,6.39,11-2019,0
Xiaomi,Black Shark 3 12/256GB Black,18319.0,6.67,7-2020,0
Xiaomi,Black Shark 3 8/128GB Black,13846.0,6.67,6-2020,0
Xiaomi,Black Shark 8/128GB Black,13146.0,5.99,5-2018,0
ZTE,Blade 20 Smart 4/128GB Gradient Green,4152.0,6.49,12-2019,0
ZTE,Blade A3 2020 1/32GB Blue,2016.0,5.45,3-2020,1
ZTE,Blade A3 2020 1/32GB Grey,2014.0,5.45,3-2020,0
ZTE,Blade A3 2020 1/32GB Red,2021.0,5.45,8-2020,0
ZTE,Blade A5 2/16GB Black,1999.0,5.45,5-2019,0
ZTE,Blade A5 2/16GB Blue,1999.0,5.45,6-2019,0
ZTE,Blade A5 2/16GB Blue,1999.0,5.45,6-2019,0
ZTE,Blade A5 2/32GB Black,2257.0,5.45,7-2020,1
ZTE,Blade A5 2/32GB Blue,2435.0,5.45,6-2019,0
ZTE,Blade A5 2020 2/32GB Black,2517.0,6.08,12-2019,0
ZTE,Blade A7 2019 2/32GB Black,2590.0,6.1,5-2019,0
ZTE,Blade A7 2020 2/32GB Gradient,2783.0,6.08,12-2019,0
ZTE,Blade A7 2020 3/64GB Gradient,3154.0,6.08,12-2019,0
ZTE,Blade A7S 2/64GB Blue,3052.0,6.5,9-2020,1
ZTE,Blade L210 1/32GB Black,1801.0,6.0,9-2020,1
ZTE,Blade L210 1/32GB Blue,1789.0,6.0,9-2020,0
ZTE,Blade L210 1/32GB Blue,1789.0,6.0,9-2020,0
ZTE,Blade L8 1/16GB Black,1552.0,5.0,5-2019,1
ZTE,Blade L8 1/16GB Blue,1529.0,5.0,6-2019,1
ZTE,Blade V2020 Smart 4/128GB Grey,4041.0,6.82,11-2020,1
ZTE,Blade V2020 Smart 4/64GB Grey,3821.0,6.82,11-2020,1
realme,C11 2/32GB Green,3055.0,6.5,7-2020,0
realme,C11 2/32GB Grey,3015.0,6.5,7-2020,1
Oukitel,C18 Pro 4/64GB Purple,3409.0,6.55,12-2020,0
Oukitel,C19 2/16GB Black,2132.0,6.49,8-2020,0
Oukitel,C19 2/16GB Gradient Blue,2104.0,6.49,10-2020,1
realme,C2 2/32GB Diamond Black,2899.0,6.1,2-2020,1
Oukitel,C21 4/64GB Black,3276.0,6.4,10-2020,1
realme,C3 2/32GB Blue,3296.0,6.5,4-2020,1
realme,C3 2/32GB Red,3361.0,6.5,4-2020,0
realme,C3 3/32GB Red,3399.0,6.5,10-2020,1
realme,C3 3/64GB Blue,3812.0,6.5,4-2020,1
Cubot,C30 8/128GB Black,5671.0,6.4,12-2020,1
S-TELL,C552 Black,1150.0,5.0,3-2018,0
S-TELL,C552 Red,1150.0,5.0,3-2018,0
Meizu,C9 2/16GB Black,1899.0,5.45,11-2018,1
Meizu,C9 Pro 3/32GB Black,2618.0,5.45,12-2018,0
Meizu,C9 Pro 3/32GB Black,2618.0,5.45,12-2018,0
Crosscall,CORE-X3 2/16GB Dark Blue,2950.0,5.0,8-2020,0
Tecno,Camon 12 Air CC6 Alpenglow Gold,2999.0,6.55,11-2019,0
Tecno,Camon 12 CC7 Dark Jade,3440.0,6.52,11-2019,0
Tecno,Camon 15 4/64GB Dark Jade (4895180755057),4057.0,6.6,8-2020,0
Tecno,Camon 15 CD7 4/128GB Fascinating Purple (4895180759550),4299.0,6.6,10-2020,0
Sigma mobile,Comfort 50 Elegance3 SIMO ASSISTANT Red,810.0,2.8,7-2018,0
Sigma mobile,Comfort 50 Grand Black,641.0,2.3,2-2019,0
Sigma mobile,Comfort 50 HIT 2020 Black,444.0,1.77,12-2019,1
Sigma mobile,Comfort 50 SOLO Black,777.0,2.2,8-2019,1
Sigma mobile,Comfort 50 SOLO Black,777.0,2.2,8-2019,0
Sigma mobile,Comfort 50 Shell Duo Red (4827798212325),988.0,,10-2016,1
Coolpad,Cool Play 6 6/64GB Black,3968.0,5.5,11-2018,0
Coolpad,Cool Play 6 6/64GB Black,3968.0,5.5,11-2018,1
Archos,Core 50 16GB Red,2059.0,5.0,8-2018,0
Bluboo,D6 Pro 2/16GB Black,1979.0,5.5,2-2019,0
Bluboo,D6 Pro 2/16GB Black,1979.0,5.5,2-2019,0
LG,D855 G3 32GB (Silk White),2884.0,5.5,5-2014,1
LG,D858 G3 Dual (Metallic Black),2969.0,5.5,10-2015,1
Motorola,Droid Turbo 2 32GB (Ballistic Nylon Black),5590.0,5.4,12-2015,0
Motorola,Droid Turbo 2 32GB (Ballistic Nylon Black),5590.0,5.4,12-2015,0
Philips,E169 Gray,807.0,2.4,8-2019,0
Philips,E169 Red,806.0,2.4,8-2019,1
2E,E180 2019 Red (680576170057),301.0,1.77,12-2019,0
2E,E240 Black,413.0,2.4,2-2018,1
2E,E240 Power DualSim Black (680576170088),546.0,2.4,12-2020,1
2E,E240 Power DualSim Black (680576170088),546.0,2.4,12-2020,0
2E,E280 Dual Sim Black,499.0,2.8,11-2017,1
2E,E450A 2018 DualSim Black,1250.0,4.5,8-2018,1
2E,E450R DualSim Gray,1850.0,4.5,12-2017,1
2E,E500A 2019 DualSim Black,1362.0,5.0,5-2019,1
Motorola,E6 Plus 4/64GB Polish Grey,3490.0,6.1,7-2020,1
Motorola,E6 Plus XT2025-2 4/64GB Blue,3444.0,6.1,1-2020,0
Motorola,E6S 4/64 GB Meteor Grey (PAJE0031RS),2992.0,6.1,9-2020,1
Motorola,E7 Plus 4/64GB Misty Blue (PAKX0008RS),4217.0,6.5,9-2020,1
Motorola,Edge 5G 6/128GB Dual Black (XT2063-3),15017.0,6.7,7-2020,0
ERGO,F186 Solace DS Black,391.0,1.77,7-2019,1
ERGO,F186 Solace DS Silver,373.0,1.77,7-2019,1
ERGO,F188 Play DS Black,272.0,1.77,2-2020,0
ERGO,F188 Play DS Black,272.0,1.77,2-2020,1
ERGO,F243 Swift Dual Sim Black,374.0,2.4,10-2017,0
ERGO,F243 Swift Dual Sim Blue,379.0,2.4,12-2018,0
ERGO,F243 Swift Dual Sim Blue,379.0,2.4,12-2018,0
ERGO,F243 Swift Dual Sim Blue,379.0,2.4,12-2018,0
ERGO,F245 Strength Dual Sim Yellow/Black,699.0,2.4,3-2020,0
ERGO,F248 Defender Dual SIM Black,649.0,2.4,10-2019,0
ERGO,F282 Travel Dual Sim Black,583.0,2.8,4-2018,1
ERGO,F282 Travel Dual Sim Black,583.0,2.8,4-2018,0
ERGO,F284 Balance Dual Sim Black,477.0,2.8,2-2020,1
ERGO,F285 Wide DS Black,523.0,2.0,11-2019,0
ERGO,F285 Wide DS Black,523.0,2.0,11-2019,0
2E,F534L 2018 DualSim Black,1610.0,5.3,11-2018,0
2E,F534L 2018 DualSim Gold,1599.0,5.3,11-2018,0
2E,F572L 2018 DualSim Red,2167.0,5.7,10-2018,0
2E,F572L 2018 DualSim Silver,1939.0,5.7,10-2018,0
Fly,FF243 (Black),474.0,2.4,8-2016,1
Fly,FF249 Dual Sim Black,557.0,2.4,12-2018,1
Fly,FF250 Black,314.0,2.4,1-2020,0
Fly,FF281 Dual Sim (Black),547.0,2.8,7-2016,1
Fly,FF281 Silver,545.0,2.8,11-2020,0
OPPO,Find X2 12/256GB Ocean Black,29999.0,6.7,4-2020,0
OPPO,Find X2 Pro 12/512GB Orange,32530.0,6.7,1-2021,0
LG,G6 32GB Black (H870S.ACISBK),3742.0,5.7,3-2017,1
LG,G6 64GB Black (LGH870DS.ACISBK),3850.0,5.7,3-2017,0
LG,G6 64GB Platinum (LGH870DS.ACISPL),3799.0,5.7,3-2017,0
LG,G6 G600L 4/64GB Black,4099.0,5.7,3-2019,0
LG,G6 G600L 4/64GB Black,4099.0,5.7,3-2019,0
LG,G6 G600L 4/64GB Platinum,4099.0,5.7,3-2019,1
LG,G6 Plus 128GB Gold,8009.0,5.7,8-2017,1
LG,G6 Plus 128GB Gold,8009.0,5.7,8-2017,1
Motorola,G7 4/64GB Ceramic Black (XT1962-6),4849.0,6.2,7-2020,0
LG,G7 ThinQ 4/64GB Aurora Black (LMG710EMW.ACISBK),5571.0,6.1,5-2018,0
LG,G7 ThinQ 4/64GB Moroccan Blue (LMG710EMW.ACISBL),5421.0,6.1,5-2018,1
LG,G7 ThinQ 4/64GB Platinum Gray,5713.0,6.1,5-2018,0
LG,G7 ThinQ 4/64GB Raspberry Rose,5798.0,6.1,5-2018,0
Motorola,G8 Power 4/64GB Dual Sim Black (PAHF0007RS),5464.0,6.4,7-2020,1
Motorola,G8 Power Lite 4/64GB Royal Blue (PAJC0017RS),4772.0,6.5,7-2020,1
LG,G8 ThinQ 6/128GB Black,8299.0,6.1,11-2019,1
LG,G8X ThinQ 6/128GB Aurora Black,17790.0,6.4,3-2020,0
LG,G8s ThinQ 6/128GB White,14427.0,6.21,9-2020,0
Motorola,G9 Play 4/64GB Sapphire Blue (PAKK0016RS),4812.0,6.5,9-2020,1
Motorola,G9 Plus 4/128GB Navy Blue (PAKM0019RS),6697.0,6.81,9-2020,0
Samsung,G920F Galaxy S6 32GB (White Pearl),3529.0,5.1,3-2015,0
Samsung,G925F Galaxy S6 Edge 32GB (White Pearl),4511.0,5.1,3-2015,1
Samsung,G935FD Galaxy S7 Edge 32GB Gold (SM-G935FZDU),5930.0,5.5,2-2016,0
Samsung,Galaxy A01 2/16GB Black (SM-A015FZKD),2940.0,5.7,1-2020,1
Samsung,Galaxy A01 Core 1/16GB Black (SM-A013FZKD),2344.0,5.3,8-2020,1
Samsung,Galaxy A02s 3/32GB Blue (SM-A025FZBE),3776.0,6.5,1-2021,1
Samsung,Galaxy A10s 2019 SM-A107F 2/32GB Black (SM-A107FZKD),3348.0,6.2,8-2019,1
Samsung,Galaxy A11 2/32GB Black (SM-A115FZKN),4101.0,6.4,6-2020,0
Samsung,Galaxy A12 SM-A125F 3/32GB Black (SM-A125FZKUSEK),4473.0,6.5,1-2021,1
Samsung,Galaxy A12 SM-A125F 4/64GB Black (SM-A125FZKVSEK),4977.0,6.5,1-2021,1
Samsung,Galaxy A2 Core 2019 SM-A260 1/16GB Blue,3222.0,5.0,11-2019,0
Samsung,Galaxy A2 Core 2019 SM-A260 1/16GB Blue,3222.0,5.0,11-2019,0
Samsung,Galaxy A20e SM-A202F 3/32GB Black SM-A202FZKD,4595.0,5.8,7-2019,1
Samsung,Galaxy A20e SM-A202F 3/32GB White (SM-A202FZWD),4300.0,5.8,12-2019,0
Samsung,Galaxy A20s 2019 A207F 3/32GB Black (SM-A207FZKD),4126.0,6.5,10-2019,0
Samsung,Galaxy A21s 3/32GB Black (SM-A217FZKN),5174.0,6.5,6-2020,0
Samsung,Galaxy A30s 3/32GB Black (SM-A307FZKU),4524.0,6.4,9-2019,0
Samsung,Galaxy A30s 4/128GB White,6340.0,6.4,11-2019,0
Samsung,Galaxy A30s 4/128GB White,6340.0,6.4,11-2019,1
Samsung,Galaxy A30s 4/64GB Green (SM-A307FZGV),6098.0,6.4,9-2019,0
Samsung,Galaxy A31 4/128GB Black (SM-A315FZKV),6510.0,6.4,4-2020,0
Samsung,Galaxy A31 4/64GB Black (SM-A315FZKU),5997.0,6.4,4-2020,0
Samsung,Galaxy A41 4/64GB Black (SM-A415FZKD),6693.0,6.1,5-2020,1
Samsung,Galaxy A50 2019 SM-A505F 4/128GB Black,6687.0,6.4,4-2019,0
Samsung,Galaxy A50 2019 SM-A505F 4/64GB Blue (SM-A505FZBU),5527.0,6.4,3-2019,0
Samsung,Galaxy A50 2019 SM-A505F 6/128GB Blue (SM-A505FZBQ),6933.0,6.4,3-2019,0
Samsung,Galaxy A50s 2019 SM-A507FD 6/128GB Black,8243.0,6.4,11-2019,0
Samsung,Galaxy A50s 2019 SM-A507FD 6/128GB Black,8243.0,6.4,11-2019,0
Samsung,Galaxy A50s 2019 SM-A507FD 6/128GB Black,8243.0,6.4,11-2019,0
Samsung,Galaxy A50s SM-A5070 6/128GB Prism Crush Green,7159.0,6.4,3-2020,1
Samsung,Galaxy A51 2020 4/64GB Black (SM-A515FZKU),7139.0,6.5,1-2020,0
Samsung,Galaxy A51 2020 6/128GB Blue (SM-A515FZBW),8076.0,6.5,1-2020,1
Samsung,Galaxy A51 SM-A515F 2020 8/128GB Blue,8538.0,6.5,7-2020,1
Samsung,Galaxy A51 SM-A515F 4/128GB Black,7135.0,6.5,3-2020,1
Samsung,Galaxy A51 SM-A515F 6/128GB Metallic Silver (SM-A515FMSW),8152.0,6.5,7-2020,0
Samsung,Galaxy A6+ 3/32GB Gold (SM-A605FZDN),7064.0,6.0,5-2018,0
Samsung,Galaxy A6+ 3/32GB Lavender,5292.0,6.0,5-2018,0
Samsung,Galaxy A6+ 4/32GB Gold,7071.0,6.0,6-2018,1
Samsung,Galaxy A7 2018 4/64GB Black (SM-A750FZKU),5699.0,6.0,10-2018,0
Samsung,Galaxy A7 2018 4/64GB Blue (SM-A750FZBU),5893.0,6.0,10-2018,0
Samsung,Galaxy A70 2019 SM-A7050 6/128GB Black,8816.0,6.7,5-2019,1
Samsung,Galaxy A70 2019 SM-A7050 6/128GB Blue,8965.0,6.7,8-2019,0
Samsung,Galaxy A70 2019 SM-A7050 6/128GB Blue,8965.0,6.7,8-2019,0
Samsung,Galaxy A70 2019 SM-A7050 6/128GB Blue,8965.0,6.7,8-2019,0
Samsung,Galaxy A70 2019 SM-A705F 6/128GB Black (SM-A705FZKU),8986.0,6.7,4-2019,1
Samsung,Galaxy A71 2020 6/128GB Black (SM-A715FZKU),10403.0,6.7,1-2020,1
Samsung,Galaxy A71 2020 SM-A715F 8/128GB Blue,10848.0,6.7,5-2020,0
Samsung,Galaxy A8+ 2018 32GB Gold (SM-A730FZDD),7309.0,6.0,1-2018,1
Samsung,Galaxy A8+ 2018 32GB Orchid Gray (SM-A730FZVD),7253.0,6.0,1-2018,1
Samsung,Galaxy A8+ 2018 32GB Orchid Gray (SM-A730FZVD),7253.0,6.0,1-2018,1
Samsung,Galaxy A8+ 2018 4/64GB Orchid Gray,6542.0,6.0,2-2018,1
Samsung,Galaxy A80 2019 8/128GB Black (SM-A805FZKD),13131.0,6.7,4-2019,1
Samsung,Galaxy A80 2019 A8050 8/128GB Black,13296.0,6.7,8-2019,0
Samsung,Galaxy A9 2018 6/128Gb Blue (SM-A920FZBD),8610.0,6.3,11-2018,0
Samsung,Galaxy Fold 12/256GB Black,55338.0,7.3,11-2019,1
Samsung,Galaxy Fold 12/512GB Black (SM-F900FZKD),41310.0,7.3,3-2019,0
Samsung,Galaxy Fold 5G SM-F907B 12/512GB Black,37640.0,7.3,3-2020,0
Samsung,Galaxy Fold 5G SM-F907B 12/512GB Silver,37173.0,7.3,3-2020,1
Samsung,Galaxy J6 2018 2/32GB Gold (SM-J600FZDD),3498.0,5.6,6-2018,0
Samsung,Galaxy M10 SM-M105F 2/16GB Black (SM-M105GDAG),4268.0,6.22,3-2019,1
Samsung,Galaxy M10 SM-M105F 2/16GB Black (SM-M105GDAG),4268.0,6.22,3-2019,1
Samsung,Galaxy M10 SM-M105F 2/16GB Black (SM-M105GDAG),4268.0,6.22,3-2019,0
Samsung,Galaxy M10 SM-M105F 3/32GB Black,4100.0,6.22,3-2019,0
Samsung,Galaxy M10 SM-M105F 3/32GB Black,4100.0,6.22,3-2019,0
Samsung,Galaxy M10 SM-M105F 3/32GB Blue,4095.0,6.22,3-2019,1
Samsung,Galaxy M10S M107F 3/32GB Black,4882.0,6.4,4-2020,0
Samsung,Galaxy M115 M11 3/32 Black (SM-M115FZKN),4171.0,6.4,4-2020,0
Samsung,Galaxy M21 4/64GB Black (SM-M215FZKU),5849.0,6.4,4-2020,0
Samsung,Galaxy M30 SM-M305F 4/64GB Gradation Blue,6749.0,6.4,5-2019,1
Samsung,Galaxy M31 6/128GB Black (SM-M315FZKU),7196.0,6.4,2-2020,0
Samsung,Galaxy M31s 6/128GB Blue (SM-M317FZBN),8359.0,6.5,9-2020,0
Samsung,Galaxy M51 6/128GB Black (SM-M515FZKD),9620.0,6.7,9-2020,0
Samsung,Galaxy Note 10 SM-N9700 8/256GB Black (SM-N9700ZKD),21353.0,6.3,8-2019,0
Samsung,Galaxy Note 10 SM-N9700 8/256GB White,21852.0,6.3,9-2019,0
Samsung,Galaxy Note 10 SM-N970F 8/256GB Black (SM-N970FZKD),19940.0,6.3,8-2019,1
Samsung,Galaxy Note 10+ SM-N9750 12/256GB Aura Glow,25252.0,6.8,8-2019,1
Samsung,Galaxy Note 10+ SM-N9750 12/512GB Black,27124.0,6.8,9-2019,1
Samsung,Galaxy Note 10+ SM-N975F 12/256GB Black (SM-N975FZKD),23920.0,6.8,8-2019,1
Samsung,Galaxy Note 10+ SM-N975F 12/512GB Aura Black,27973.0,6.8,9-2019,0
Samsung,Galaxy Note 8 64GB Gold,9923.0,6.3,8-2017,0
Samsung,Galaxy Note 8 N950F Single sim 128GB Black,18114.0,6.3,6-2018,1
Samsung,Galaxy Note 8 N950F Single sim 128GB Black,18114.0,6.3,6-2018,0
Samsung,Galaxy Note 9 N960 6/128GB Metallic Copper,14422.0,6.4,8-2018,1
Samsung,Galaxy Note 9 N960 8/512GB Lavender Purple,20948.0,6.4,9-2018,1
Samsung,Galaxy Note 9 N960 8/512GB Lavender Purple,20948.0,6.4,9-2018,0
Samsung,Galaxy Note 9 N960 8/512GB Lavender Purple,20948.0,6.4,9-2018,1
Samsung,Galaxy Note 9 N960 8/512GB Metallic Copper,16076.0,6.4,8-2018,1
Samsung,Galaxy Note 9 N960 8/512GB Midnight Black,17585.0,6.4,8-2018,1
Samsung,Galaxy Note 9 N960 8/512GB Ocean Blue (SM-N960FZBH),17540.0,6.4,8-2018,0
Samsung,Galaxy Note10 Lite SM-N770F Dual 6/128GB Black (SM-N770FZKD),11405.0,6.7,1-2020,1
Samsung,Galaxy Note10 Lite SM-N770F Dual 8/128GB Black (SM-N770FZKU),12169.0,6.7,3-2020,0
Samsung,Galaxy Note20 5G N9810 8/256GB Mystic Gray,21175.0,6.7,9-2020,1
Samsung,Galaxy Note20 5G SM-N981B 8/256GB Mystic Bronze,21222.0,6.7,8-2020,1
Samsung,Galaxy Note20 SM-N980F 8/256GB Mystic Green (SM-N980FZGG),22670.0,6.7,8-2020,0
Samsung,Galaxy Note20 Ultra 5G SM-N9860 12/256GB Mystic Black,30008.0,6.9,9-2020,1
Samsung,Galaxy Note20 Ultra 5G SM-N986B 12/256GB Mystic Black,28896.0,6.9,8-2020,1
Samsung,Galaxy Note20 Ultra 5G SM-N986B 12/512GB Mystic Black (SM-N986BZKH),39524.0,6.9,8-2020,0
Samsung,Galaxy Note20 Ultra SM-N985F 8/256GB Mystic Bronze (SM-N985FZNG),32669.0,6.9,8-2020,1
Samsung,Galaxy S10 Lite SM-G770 6/128GB Black (SM-G770FZKG),14079.0,6.7,1-2020,1
Samsung,Galaxy S10 Lite SM-G770 8/128GB Black,14654.0,6.7,3-2020,1
Samsung,Galaxy S10 SM-G973 DS 128GB Green (SM-G973FZGD),17561.0,6.1,2-2019,1
Samsung,Galaxy S10 SM-G973 DS 512GB Black,21229.0,6.1,2-2019,1
Samsung,Galaxy S10 SM-G9730 DS 128GB Black,19123.0,6.1,2-2019,0
Samsung,Galaxy S10+ SM-G975 DS 128GB Black (SM-G975FZKD),17860.0,6.4,2-2019,0
Samsung,Galaxy S10+ SM-G975 DS 1TB Black (SM-G975FCKH),22932.0,6.4,2-2019,1
Samsung,Galaxy S10+ SM-G975 DS 1TB Ceramic White (SM-G975FCWH),23137.0,6.4,2-2019,1
Samsung,Galaxy S10+ SM-G975 DS 512GB Black (SM-G975FCKG),21304.0,6.4,2-2019,1
Samsung,Galaxy S10+ SM-G975 DS 512GB White (SM-G975FCWG),19878.0,6.4,2-2019,1
Samsung,Galaxy S10+ SM-G975 SS 512GB White,18739.0,6.4,2-2019,0
Samsung,Galaxy S10+ SM-G975 SS 512GB White,18739.0,6.4,2-2019,0
Samsung,Galaxy S10+ SM-G9750 DS 128GB Black,20044.0,6.4,2-2019,1
Samsung,Galaxy S10+ SM-G9750 DS 128GB Black,20044.0,6.4,2-2019,1
Samsung,Galaxy S10+ SM-G9750 DS 1TB Black,21454.0,6.4,2-2019,0
Samsung,Galaxy S10e SM-G970 DS 128GB Black (SM-G970FZKD),16313.0,5.8,2-2019,1
Samsung,Galaxy S10e SM-G9700 DS 128GB Black,12499.0,5.8,3-2019,0
Samsung,Galaxy S20 5G SM-G981 12/128GB Cosmic Gray,20699.0,6.2,7-2020,0
Samsung,Galaxy S20 5G SM-G9810 12/128GB Cloud Pink,22846.0,6.2,5-2020,0
Samsung,Galaxy S20 FE 5G SM-G7810 8/128GB Cloud Navy,17390.0,6.5,10-2020,1
Samsung,Galaxy S20 FE 5G SM-G7810 Dual 8/256GB Cloud Navy,21157.0,6.5,1-2021,1
Samsung,Galaxy S20 FE 5G SM-G781B 6/128GB Cloud Red,17332.0,6.5,12-2020,0
Samsung,Galaxy S20 FE 5G SM-G781B 8/128GB Cloud Red,16980.0,6.5,1-2021,0
Samsung,Galaxy S20 FE SM-G780F 6/128GB Blue (SM-G780FZBD),17631.0,6.5,9-2020,1
Samsung,Galaxy S20 FE SM-G780F 6/256GB Cloud Navy,20513.0,6.5,12-2020,0
Samsung,Galaxy S20 FE SM-G780F 8/128GB Cloud Navy,16396.0,6.5,11-2020,0
Samsung,Galaxy S20 FE SM-G780F 8/256GB Blue (SM-G780FZBH),19215.0,6.5,11-2020,1
Samsung,Galaxy S20 SM-G980 8/128GB Grey (SM-G980FZAD),21011.0,6.2,2-2020,1
Samsung,Galaxy S20 Ultra 5G SM-G9880 12/256GB Cosmic Gray,29175.0,6.9,5-2020,1
Samsung,Galaxy S20 Ultra 5G SM-G988B 12/128GB Black,27461.0,6.9,5-2020,1
Samsung,Galaxy S20 Ultra SM-G988 128GB Grey (SM-G988BZAD),32806.0,6.9,2-2020,1
Samsung,Galaxy S20+ 5G SM-G9860 12/128GB Cosmic Black,23302.0,6.9,4-2020,0
Samsung,Galaxy S20+ 5G SM-G9860 8/128GB Gray,24843.0,6.7,5-2020,1
Samsung,Galaxy S20+ 5G SM-G9860 8/128GB Gray,24843.0,6.7,5-2020,0
Samsung,Galaxy S20+ 5G SM-G986B 12/128GB Black,21905.0,6.7,10-2020,1
Samsung,Galaxy S20+ 5G SM-G986F-DS 12/128GB Black,21326.0,6.7,2-2020,1
Samsung,Galaxy S20+ LTE SM-G985 Dual 8/128GB Black (SM-G985FZKD),24160.0,6.7,2-2020,0
Samsung,Galaxy S21 8/128GB Phantom Grey (SM-G991BZADSEK),26751.0,6.2,1-2021,0
Samsung,Galaxy S21 8/256GB Phantom Grey (SM-G991BZAGSEK),28876.0,6.2,1-2021,0
Samsung,Galaxy S21 Ultra 12/128GB Phantom Black (SM-G998BZKDSEK),37630.0,6.8,1-2021,0
Samsung,Galaxy S21 Ultra 12/256GB Phantom Black (SM-G998BZKGSEK),39620.0,6.8,1-2021,1
Samsung,Galaxy S21 Ultra 16/512GB Phantom Black (SM-G998BZKHSEK),42649.0,6.8,1-2021,0
Samsung,Galaxy S21+ 8/128GB Phantom Black (SM-G996BZKDSEK),31574.0,6.7,1-2021,0
Samsung,Galaxy S21+ 8/256GB Phantom Black (SM-G996BZKGSEK),33443.0,6.7,1-2021,1
Samsung,Galaxy S7 G930F 32GB (Black),5400.0,5.1,4-2016,0
Samsung,Galaxy S7 G930F 32GB (Gold),7782.0,5.1,4-2016,0
Samsung,Galaxy S8 64GB Blue,7864.0,5.8,3-2017,0
Samsung,Galaxy S8 G950F Single Sim 64GB Black,7640.0,5.8,2-2018,0
Samsung,Galaxy S8+ 64GB Black (SM-G955FZKD),10787.0,6.2,3-2017,0
Samsung,Galaxy S8+ SM-G955U 64GB Black,8709.0,6.2,12-2020,0
Samsung,Galaxy S9 SM-G960 DS 128GB Black (SM-G960FZKG),14990.0,5.8,2-2018,0
Samsung,Galaxy S9 SM-G960 DS 128GB Black (SM-G960FZKG),14990.0,5.8,2-2018,0
Samsung,Galaxy S9 SM-G960 DS 128GB Black (SM-G960FZKG),14990.0,5.8,2-2018,0
Samsung,Galaxy S9 SM-G960 DS 128GB Blue,16798.0,5.8,2-2018,0
Samsung,Galaxy S9 SM-G960 DS 128GB Blue,16798.0,5.8,2-2018,1
Samsung,Galaxy S9 SM-G960 DS 128GB Grey (SM-G960FZAG),13720.0,5.8,2-2018,0
Samsung,Galaxy S9 SM-G960 DS 128GB Purple (SM-G960FZPG),13537.0,5.8,2-2018,0
Samsung,Galaxy S9 SM-G960 DS 64GB Black (SM-G960FZKD),11207.0,5.8,2-2018,1
Samsung,Galaxy S9 SM-G960U1 128GB Purple,12869.0,5.8,12-2020,0
Samsung,Galaxy S9+ SM-G965 DS 128GB Black,13550.0,6.2,2-2018,1
Samsung,Galaxy S9+ SM-G965 DS 128GB Blue,13436.0,6.2,2-2018,0
Samsung,Galaxy S9+ SM-G965 DS 128GB Grey,13525.0,6.2,2-2018,1
Samsung,Galaxy S9+ SM-G965 DS 128GB Purple,14502.0,6.2,2-2018,1
Samsung,Galaxy S9+ SM-G965 DS 256GB Black (SM-G965FZKH),14532.0,6.2,2-2018,1
Samsung,Galaxy S9+ SM-G965 DS 64GB Black (SM-G965FZKD),13837.0,6.2,2-2018,1
Samsung,Galaxy Z Flip 5G SM-F707 8/256GB Mystic Bronze,22434.0,6.7,10-2020,0
Samsung,Galaxy Z Flip SM-F700 8/256GB Mirror Purple (SM-F700FZPD),35015.0,6.7,2-2020,0
Samsung,Galaxy Z Fold2 12/256GB Mystic Black (SM-F916BZKQ),51460.0,7.6,8-2020,0
Prestigio,Grace A1 1281 Dual Sim Red (PFP1281DUORED),460.0,2.8,9-2017,1
LG,H791 Nexus 5X 32GB (Mint),4189.0,5.2,9-2015,0
LG,H791 Nexus 5X 32GB (Mint),4189.0,5.2,9-2015,0
LG,H990 V20 Dual 64GB (Black),3299.0,5.7,11-2016,0
LG,H990 V20 Dual 64GB (Silver),3299.0,5.7,11-2016,1
myPhone,Hammer Energy Black,5600.0,5.0,1-2017,0
Lenovo,K10 Note 4/64GB Black,4630.0,6.39,6-2020,1
Lenovo,K10 Note 6/128GB Louise Lake,5249.0,6.39,8-2020,1
Oukitel,K12 6/64 Black,5101.0,6.3,7-2019,0
Oukitel,K12 6/64 Black,5101.0,6.3,7-2019,1
Oukitel,K13 4/64GB Black,5039.0,6.41,3-2020,1
Oukitel,K13 4/64GB Black,5039.0,6.41,3-2020,0
Oukitel,K13 4/64GB Pro Black,5146.0,6.41,3-2020,1
Oukitel,K13 Pro Leather Black,5331.0,6.41,3-2020,1
Lenovo,K5 Pro 4/64GB Black,3786.0,5.99,2-2019,0
Oukitel,K9 4/64 Black,5467.0,7.12,7-2019,0
BlackBerry,KEYone,5674.0,4.5,9-2017,0
Cubot,King Kong CS,2500.0,5.0,12-2020,0
Cubot,King Kong CS,2500.0,5.0,12-2020,0
Cubot,King Kong CS,2500.0,5.0,12-2020,0
Cubot,Kingkong mini 3/32GB Red,3046.0,4.0,8-2020,1
Cubot,Kingkong mini 3/32GB Yellow,3046.0,4.0,8-2020,0
Nokia,Lumia 925 (Black),2600.0,4.5,7-2013,0
Nokia,Lumia 925 (White),2600.0,4.5,7-2013,1
Nokia,Lumia 925 (White),2600.0,4.5,7-2013,1
KENEKSI,M1 Art (Red),610.0,1.77,10-2015,1
Meizu,M10 2/32GB Black,3190.0,6.5,10-2019,1
Meizu,M10 2/32GB Red,3312.0,6.5,10-2019,1
Meizu,M10 3/32GB Black,3325.0,6.5,10-2019,0
Meizu,M10 3/32GB Blue,3608.0,6.5,10-2019,1
AGM,M2 Gold,1491.0,2.4,9-2019,1
AGM,M3 Black,1484.0,2.4,12-2019,1
AGM,M5 Black,2840.0,2.8,3-2020,0
Meizu,M6 Note 3/16GB Black,3281.0,5.5,11-2017,1
Meizu,M6T 2/16GB Black,2765.0,5.7,7-2018,1
Meizu,M6T 3/32GB Blue,2999.0,5.7,7-2018,1
Meizu,M6s 3/64GB Gold,4200.0,5.7,1-2018,1
Meizu,M8 4/64GB Black,3855.0,5.7,11-2018,1
Meizu,M8 4/64GB Blue,3726.0,5.7,2-2019,0
DOOGEE,MIX 2 6/64GB Black,3682.0,6.0,1-2018,1
Maxcom,MM111,563.0,1.4,12-2020,0
Maxcom,MM111,563.0,1.4,12-2020,1
Maxcom,MM135 Black-Blue,335.0,1.77,8-2019,1
Maxcom,MM142 Black,394.0,2.4,8-2019,0
Maxcom,MM236 Black-Silver,666.0,2.8,5-2018,1
Maxcom,MM320 Black,921.0,3.2,6-2020,0
Maxcom,MM320 Black,921.0,3.2,6-2020,0
Maxcom,MM426 Black,528.0,1.77,2-2020,1
Maxcom,MM471 White,774.0,2.2,8-2020,0
Maxcom,MM720 Black,720.0,2.2,5-2018,0
Maxcom,MM817 Black,747.0,2.4,6-2020,1
Maxcom,MM817 Black,747.0,2.4,6-2020,1
HUAWEI,Mate 10 6/128GB Gold,13733.0,5.9,5-2018,1
HUAWEI,Mate 10 6/256GB Porsche Design,14257.0,6.0,3-2018,1
HUAWEI,Mate 20 DS 6/64GB Black,13612.0,6.53,1-2019,0
HUAWEI,Mate RS Porsche Design 6/256GB Black,13782.0,6.0,12-2020,0
HUAWEI,Mate Xs 8/512GB Interstellar blue (51095CSQ),56082.0,,7-2020,1
Xiaomi,Mi 10 Lite 6/128GB Cosmic Grey,11104.0,6.57,6-2020,1
Xiaomi,Mi 10 Lite 6/64GB Cosmic Grey,12456.0,6.57,6-2020,1
Xiaomi,Mi 10 Lite 8/256GB Dream White,12055.0,6.57,6-2020,1
Xiaomi,Mi 10 Pro 8/256GB Gray,27999.0,6.67,5-2020,1
Xiaomi,Mi 10T 6/128GB Cosmic Black,12778.0,6.67,10-2020,0
Xiaomi,Mi 10T 8/128GB Cosmic Black,13236.0,6.67,10-2020,0
Xiaomi,Mi 10T Lite 6/128GB Pearl Gray,9502.0,6.67,10-2020,1
Xiaomi,Mi 10T Lite 6/64GB Pearl Gray,9039.0,6.67,10-2020,1
Xiaomi,Mi 10T Pro 8/128GB Cosmic Black,15767.0,6.67,10-2020,1
Xiaomi,Mi 10T Pro 8/256GB Cosmic Black,16756.0,6.67,10-2020,0
Xiaomi,Mi Max 2 4/64GB Black,3989.0,6.44,6-2017,0
Xiaomi,Mi Note 10 Lite 6/64GB Purple,8999.0,6.47,5-2020,0
Xiaomi,Mi5 3/32GB Gold,4098.0,5.15,2-2016,0
Vernee,Mix 2 M2 4/64GB Black,2786.0,6.0,8-2019,1
Vernee,Mix 2 M2 4/64GB Blue,2865.0,6.0,10-2018,1
General,Mobile GM8 Space Gray,2724.0,5.7,7-2018,1
Motorola,Moto C Plus XT1723 16GB Gold (PA800126UA),2999.0,5.0,7-2017,1
Motorola,Moto E4 (XT1762) Metallic Iron Gray (PA750058UA),2590.0,5.0,6-2017,1
Motorola,Moto E5 Plus XT1924-1 DualSim Black (PABA0014UA),4090.0,6.0,8-2018,0
Motorola,Moto E5 XT1944 16GB black,2590.0,5.7,8-2018,1
Motorola,Moto G5 2/16GB Gold (PA610071UA),2243.0,5.0,3-2017,1
Motorola,Moto G5s (XT1794) Lunar Gray (PA7W0024UA),3569.0,5.2,8-2017,1
Motorola,Moto G5s (XT1794) Lunar Gray (PA7W0024UA),3569.0,5.2,8-2017,1
Motorola,Moto G5s XT1799 4/64GB Black (PA930008CN),3569.0,5.2,5-2019,1
Motorola,Moto G5s XT1799 4/64GB Black (PA930008CN),3569.0,5.2,5-2019,1
Motorola,Moto G6 Play XT1922-5 Dual Sim 32GB Indigo Blue,3590.0,5.7,6-2018,0
Motorola,Moto G6 Plus XT1926 Dual Sim 64GB Indigo Blue,6545.0,5.9,6-2018,0
Motorola,Moto G7 Play XT1952-2 Dual Sim 2/32GB Deep Indigo,3494.0,5.7,5-2019,0
Motorola,Moto G7 Power XT1955-4 4/64GB Ceramic Black,5790.0,6.2,8-2019,0
Motorola,Moto G7 Power XT1955-4 4/64GB Ceramic Black,5790.0,6.2,8-2019,1
Motorola,Moto G8 4/64GB Blue (PAHL0004RS),5084.0,6.4,8-2020,1
Motorola,Moto G8 4/64GB Blue (PAHL0004RS),5084.0,6.4,8-2020,0
Motorola,Moto G8 4/64GB White (PAHL0010RS),5105.0,6.4,8-2020,0
Motorola,Moto G8 4/64GB White (PAHL0010RS),5105.0,6.4,8-2020,0
Motorola,Moto G8 Plus XT2019-1 4/64GB Dual Sim Cosmic Blue (PAGE0015RS),5573.0,6.3,11-2019,1
Motorola,Moto G9 Power 4/128GB Gray (PALR0020RS),5432.0,6.4,10-2020,1
Motorola,Moto M Grey (PA5D0075UA),3490.0,5.5,3-2017,0
Motorola,Moto X (2nd. Gen) (Black) 16GB,3490.0,5.2,9-2014,0
Motorola,Moto X Force (Black),5294.0,5.4,4-2016,0
Motorola,Moto X4 3/32GB Black (PA8X0004UA),5790.0,5.2,11-2017,0
Motorola,Moto Z 32GB Black (SM4389AE7U1),4990.0,5.5,9-2016,0
Motorola,Moto Z 32GB Black (SM4389AE7U1),4990.0,5.5,9-2016,1
Motorola,Moto Z 32GB Black (SM4389AE7U1),4990.0,5.5,9-2016,0
Motorola,Moto Z 32GB White/Gold (SM4389AD1U1),3796.0,5.5,9-2016,0
Motorola,Moto Z2 Force 6/64GB Black (PA900007UA),7094.0,5.5,11-2017,0
Motorola,Moto Z2 Force SS 4/64GB Fine Gold,5999.0,5.5,12-2020,1
Motorola,Moto Z2 Play Fine Gold (SM4482AJ1K7),5244.0,5.5,7-2017,1
Motorola,Moto Z2 Play Lunar Grey (SM4482AC3K7),5244.0,5.5,7-2017,1
Motorola,Moto Z3 Play 4/64GB Deep Indgo,6590.0,6.01,7-2018,0
Motorola,Moto Z4 4/128GB Flash Gray,11690.0,6.4,7-2019,0
Motorola,Moto Z4 4/128GB Flash Gray,11690.0,6.4,7-2019,0
Bravis,N1-550 Cruiser Dual Sim Black,2599.0,5.5,11-2018,1
Bravis,N1-550 Cruiser Dual Sim Black,2599.0,5.5,11-2018,1
DOOGEE,N10 3/32GB Purple,2299.0,5.84,11-2019,1
DOOGEE,N20 4/64GB Black,2989.0,6.3,10-2019,1
DOOGEE,N20 Pro 6/128GB Green,4722.0,6.3,9-2020,0
DOOGEE,N30 4/128GB Dreamy Blue,3519.0,6.55,11-2020,1
DOOGEE,N30 4/128GB Dreamy Blue,3519.0,6.55,11-2020,1
Samsung,N920C Galaxy Note 5 32GB (Gold Platinum),5494.0,5.7,10-2015,1
Globex,Neon A1,652.0,1.77,7-2017,0
Globex,Neon A1,652.0,1.77,7-2017,0
Motorola,Nexus 6 32GB (Cloud White),3895.0,5.3,1-2015,0
OnePlus,Nord 12/256GB Gray Onyx,12985.0,6.44,7-2020,0
OnePlus,Nord 8/128GB Gray Onyx,12069.0,6.44,7-2020,1
OnePlus,Nord N10 5G 6/128GB Midnight Ice,9795.0,6.49,12-2020,1
OnePlus,Nord N100 4/64GB Midnight Frost,6112.0,6.52,11-2020,1
Cubot,Note 20 Pro 6/128GB Black,3491.0,6.5,10-2020,0
Cubot,Note 20 Pro 8/128GB Black,4494.0,6.5,1-2021,1
Ulefone,Note 7P 3/32GB Twilight,2999.0,6.1,8-2019,1
Ulefone,Note 7P 3/32GB Twilight,2999.0,6.1,8-2019,0
Ulefone,Note 8P 2/16GB Black,2125.0,5.5,7-2020,1
Ulefone,Note 8P 2/16GB Midnight Green,2148.0,5.5,7-2020,1
Ulefone,Note 8P 2/16GB Midnight Green,2148.0,5.5,7-2020,1
Meizu,Note 9 4/64GB Black,4430.0,6.2,5-2019,0
HUAWEI,Nova 4 8/128GB Black,9372.0,6.4,3-2019,1
ZTE,Nubia Z17 8/64GB Black,8619.0,5.5,1-2018,0
ZTE,Nubia Z17 8/64GB Black,8619.0,5.5,1-2018,1
Motorola,One Action 4/128GB XT2013-2 Blue,4697.0,6.34,8-2019,0
Motorola,One Action 4/128GB XT2013-2 White,4697.0,6.34,8-2019,1
Motorola,One Fusion 4/64GB Deep Sapphire Blue,7190.0,6.5,9-2020,0
Motorola,One Fusion+ 6/128GB Blue (PAJW0006RS),7071.0,6.5,9-2020,0
Motorola,One Hyper XT2027-1 4/128GB Deep Sea Blue,8261.0,6.5,3-2020,0
Motorola,One Macro XT2016-1 4/64GB Blue,4550.0,6.2,5-2020,1
Motorola,One Power XT1942-1 4/64GB Dual Sim Black,5290.0,6.2,3-2019,0
Motorola,One Vision 4/128GB Bronze,7590.0,6.3,6-2019,1
Motorola,One Vision 4/128GB Sapphire Blue,6643.0,6.3,6-2019,0
Motorola,One XT1941-4 4/64GB Dual Sim Black,4490.0,5.9,12-2018,0
Motorola,One Zoom 4/128GB Grey,9790.0,6.4,10-2019,1
Motorola,One Zoom 4/128GB Purple,9790.0,6.4,7-2020,0
HUAWEI,P Smart 2020 4/128GB Emerald Green,4681.0,6.21,9-2020,1
HUAWEI,P Smart Pro 6/128GB Midnight Black (51094UVB),7199.0,6.59,11-2019,1
HUAWEI,P Smart S 4/128GB Breathing Crystal (51095HVM),5802.0,6.3,7-2020,0
HUAWEI,P smart 2019 3/64GB Black (51093FSW),4262.0,6.21,12-2018,0
HUAWEI,P smart 2021 4/128GB Midnight Black (51096ABV),5311.0,6.67,10-2020,1
HUAWEI,P smart Z 4/64GB Emerald Green (51093WVK),4989.0,6.59,7-2019,1
HUAWEI,P smart+ 4/64GB Black (51092TFB),5380.0,6.3,8-2018,1
Cubot,P30 4/64GB Black,3320.0,6.3,6-2020,0
HUAWEI,P30 6/128GB Black (51093NDK),15464.0,6.1,3-2019,1
HUAWEI,P30 8/128GB Black,14906.0,6.1,5-2019,0
HUAWEI,P30 Lite 4/128GB Breathing Crystal,5821.0,6.15,9-2020,1
HUAWEI,P30 Lite 6/256GB Peacock Blue,6257.0,6.15,7-2020,0
HUAWEI,P30 Pro 6/128GB Black (51093TFT),16997.0,6.47,3-2019,0
HUAWEI,P30 Pro 8/128GB Aurora,16798.0,6.47,3-2019,0
HUAWEI,P30 Pro 8/256GB Black (51093NFN),15560.0,6.47,3-2019,1
HUAWEI,P30 Pro NEW EDITION 8/256GB Silver Frost,18484.0,6.47,7-2020,0
HUAWEI,P40 8/128GB Black (51095EHY),17155.0,6.1,3-2020,1
HUAWEI,P40 Pro 8/256GB Silver Frost (51095CAL),23465.0,6.58,3-2020,1
HUAWEI,P40 Pro+ 8/512GB Black Ceramic,31656.0,6.58,10-2020,1
HUAWEI,P40 Pro+ 8/512GB Black Ceramic,31656.0,6.58,10-2020,1
HUAWEI,P40 lite 6/128GB Crush Green (51095CJX),6789.0,6.4,3-2020,1
HUAWEI,P40 lite E 4/64GB Midnight Black (51095DCE),4243.0,6.39,3-2020,1
Smartex,P600 Black,1699.0,5.5,1-2019,0
Smartex,P600 Gold,1699.0,5.5,1-2019,1
S-TELL,P760 Black,1799.0,5.5,3-2019,1
HUAWEI,P8 Prestige Gold,3487.0,5.2,9-2015,0
HUAWEI,P8 Prestige Gold,3487.0,5.2,9-2015,0
Tecno,POP 2F B1F 1/16GB Midnight Black (4895180746659),1631.0,5.5,9-2019,1
Tecno,POP 3 BB2 1/16GB DS Sandstone Black (4895180751288),1810.0,5.7,7-2020,0
Tecno,POP 4 BC2 2/32GB DS Ice Lake Green (4895180759420),2236.0,6.0,8-2020,1
Google,Pixel 128GB (Quite Black),6838.0,5.0,10-2016,1
Google,Pixel 2 128GB Just Black,13014.0,5.0,10-2017,0
Google,Pixel 2 64GB Just Black,6667.0,5.0,10-2017,0
Google,Pixel 2 XL 64GB Just Black,12909.0,6.0,10-2017,0
Google,Pixel 3 4/128GB Just Black,13500.0,5.5,10-2018,0
Google,Pixel 3 4/64GB Just Black,10274.0,5.5,10-2018,1
Google,Pixel 3 XL 4/64GB Just Black,11238.0,6.3,10-2018,1
Google,Pixel 32GB (Quite Black),4729.0,5.0,10-2016,1
Google,Pixel 3a 4/64GB Just Black,10071.0,5.6,5-2019,1
Google,Pixel 3a XL 4/64GB Just Black,11774.0,6.0,5-2019,1
Google,Pixel 4 6/64GB Just Black,17187.0,5.7,10-2019,1
Google,Pixel 4 XL 6/128GB Just Black,25548.0,6.3,10-2019,0
Google,Pixel 4 XL 6/64GB Oh So Orange,19369.0,6.3,10-2019,1
Google,Pixel 4a 5G 6/128GB Just Black,15706.0,6.24,10-2020,1
Google,Pixel 4a 6/128GB Just Black,12106.0,5.81,8-2020,0
Google,Pixel 5 8/128GB Just Black,21879.0,6.0,10-2020,0
Google,Pixel XL 128GB (Quite Black),5899.0,5.5,10-2016,1
Google,Pixel XL 128GB (Quite Black),5899.0,5.5,10-2016,1
Xiaomi,Poco F2 Pro 6/128GB Electric Purple,12999.0,6.67,5-2020,0
Xiaomi,Poco M3 4/128GB Black,5372.0,6.53,11-2020,1
Xiaomi,Poco M3 4/64GB Black,4708.0,6.53,11-2020,1
Xiaomi,Poco X3 NFC 6/128GB Cobalt Blue,7152.0,6.67,9-2020,1
Xiaomi,Poco X3 NFC 6/64GB Cobalt Blue,6488.0,6.67,9-2020,0
Xiaomi,Pocophone F1 6/128GB Blue,7231.0,6.18,8-2018,1
Tecno,Pop 4 Pro BC3 1/16GB Cosmic Shine,2314.0,6.52,11-2020,0
Ulefone,Power 6 4/64GB Black,4204.0,6.3,9-2019,1
Ulefone,Power 6 4/64GB Blue,4335.0,6.3,9-2019,1
Ulefone,Power 6 4/64GB Red,4211.0,6.3,10-2019,0
Ulefone,Power 6 4/64GB Red,4211.0,6.3,10-2019,1
realme,Q 6/64GB Blue,5957.0,6.3,3-2020,1
Cubot,Quest 4/64GB Black,4099.0,5.5,2-2020,0
2E,R240 Dual Sim Black,877.0,2.4,10-2017,0
Motorola,RAZR 2019 XT200-1 Noir Black,22713.0,6.4,4-2020,1
Motorola,RAZR 2019 XT2000-2 Noir Black,22760.0,6.2,10-2020,0
ASUS,ROG Phone 3 Strix 12/128GB Black (90AI0031-M00010),18618.0,6.59,9-2020,0
ASUS,ROG Phone 3 ZS661KS 12/128GB Black (90AI0032-M00180),18993.0,6.59,9-2020,1
ASUS,ROG Phone 3 ZS661KS 12/256GB Black,21964.0,6.59,9-2020,0
ASUS,ROG Phone 3 ZS661KS 12/512GB Black,28384.0,6.59,9-2020,0
ASUS,ROG Phone 8/512GB DualSim Black,17510.0,6.0,12-2018,0
ASUS,ROG Phone 8/512GB DualSim Black,17510.0,6.0,12-2018,1
ASUS,ROG Phone 8/512GB DualSim Black,17510.0,6.0,12-2018,1
Xiaomi,Redmi 10x 4G 4/128GB Blue,5133.0,6.53,6-2020,0
Xiaomi,Redmi 10x 4G 6/128GB Blue,5761.0,6.53,6-2020,0
Xiaomi,Redmi 4x 2/16GB Black,2358.0,5.0,3-2017,0
Xiaomi,Redmi 4x 2/16GB Gold,2358.0,5.0,3-2017,1
Xiaomi,Redmi 4x 4/64GB Black,2826.0,5.0,8-2017,0
Xiaomi,Redmi 4x 4/64GB Gold,2826.0,5.0,7-2017,0
Xiaomi,Redmi 5 3/32GB Black,2950.0,5.7,12-2017,1
Xiaomi,Redmi 5 3/32GB Gold,3882.0,5.7,12-2017,0
Xiaomi,Redmi 5 Plus 4/64GB Black,3463.0,5.9,12-2017,0
Xiaomi,Redmi 5 Plus 4/64GB Gold,4265.0,5.9,12-2017,0
Xiaomi,Redmi 5A 2/16GB Gold,2420.0,5.0,10-2017,1
Xiaomi,Redmi 5A 3/32GB Gold,2400.0,5.0,4-2018,1
Xiaomi,Redmi 5A 3/32GB Gray,2749.0,5.0,4-2018,0
Xiaomi,Redmi 5A 3/32GB Gray,2749.0,5.0,4-2018,0
Xiaomi,Redmi 6 3/32GB Black,2794.0,5.45,7-2018,1
Xiaomi,Redmi 6 3/32GB Gold,2794.0,5.45,6-2018,0
Xiaomi,Redmi 6 3/64GB Black,3054.0,5.45,10-2018,1
Xiaomi,Redmi 6 3/64GB Gold,3193.0,5.45,10-2018,0
Xiaomi,Redmi 6 3/64GB Gold,3193.0,5.45,10-2018,1
Xiaomi,Redmi 6 4/64GB Black,3480.0,5.45,8-2018,0
Xiaomi,Redmi 6 Pro 3/32GB Black,3317.0,5.84,7-2018,0
Xiaomi,Redmi 6 Pro 4/64GB Black,3627.0,5.84,7-2018,1
Xiaomi,Redmi 7 4/64GB Blue,3671.0,6.26,3-2019,0
Xiaomi,Redmi 7 4/64GB Blue,3671.0,6.26,3-2019,0
Xiaomi,Redmi 7a 2/16GB Black,3248.0,5.45,7-2019,0
Xiaomi,Redmi 7a 3/32GB Black,3468.0,5.45,7-2019,1
Xiaomi,Redmi 8 3/32GB Black,3559.0,6.22,10-2019,0
Xiaomi,Redmi 8 4/64GB Blue,3840.0,6.22,10-2019,0
Xiaomi,Redmi 8A 3/32GB Black,3219.0,6.22,3-2020,0
Xiaomi,Redmi 8A 4/64GB Black,3503.0,6.22,4-2020,0
Xiaomi,Redmi 9 3/32GB Grey NFC,4047.0,6.53,6-2020,1
Xiaomi,Redmi 9 3/32GB Purple no NFC,4099.0,6.53,11-2020,0
Xiaomi,Redmi 9 4/128GB Blue (no NFC),4960.0,6.53,10-2020,0
Xiaomi,Redmi 9 4/128GB Blue (no NFC),4960.0,6.53,10-2020,1
Xiaomi,Redmi 9 4/128GB Green (no NFC),4822.0,6.53,10-2020,1
Xiaomi,Redmi 9 4/128GB Green (no NFC),4822.0,6.53,10-2020,0
Xiaomi,Redmi 9 4/128GB Grey (no NFC),4861.0,6.53,10-2020,1
Xiaomi,Redmi 9 4/128GB Pink (no NFC),4846.0,6.53,10-2020,0
Xiaomi,Redmi 9 4/64GB Grey NFC,4492.0,6.53,6-2020,0
Xiaomi,Redmi 9 4/64Gb Pink (no NFC),4316.0,6.53,11-2020,0
Xiaomi,Redmi 9 6/128GB Grey (no NFC),5179.0,6.53,10-2020,0
Xiaomi,Redmi 9A 2/32GB Granite Gray,3163.0,6.53,7-2020,1
Xiaomi,Redmi 9C 2/32GB Midnight Gray,3490.0,6.53,8-2020,1
Xiaomi,Redmi 9C 3/64GB Midnight Gray,3778.0,6.53,8-2020,1
Xiaomi,Redmi 9C NFC 2/32GB Midnight Gray,3484.0,6.53,8-2020,1
Xiaomi,Redmi 9C NFC 3/64GB Midnight Gray,4256.0,6.53,8-2020,1
Xiaomi,Redmi 9T 4/128GB Twilight Blue,6064.0,6.53,1-2021,1
Xiaomi,Redmi 9T 4/64GB Sunrise Orange,5495.0,6.53,1-2021,0
Xiaomi,Redmi K30 6/128GB Purple,8000.0,6.67,5-2020,1
Xiaomi,Redmi K30 8/128GB Purple,7725.0,6.67,5-2020,0
Xiaomi,Redmi K30 8/256GB Red,8577.0,6.67,5-2020,1
Xiaomi,Redmi K30 Pro 6/128GB White,14108.0,6.67,5-2020,1
Xiaomi,Redmi Note 4 3/32GB (Gray),2819.0,5.5,11-2016,1
Xiaomi,Redmi Note 4 3/64GB (Gold),2931.0,5.5,9-2016,1
Xiaomi,Redmi Note 4 3/64GB (Gold),2931.0,5.5,9-2016,1
Xiaomi,Redmi Note 4x 3/32GB Black,2675.0,5.5,2-2017,1
Xiaomi,Redmi Note 4x 4/64GB Black,2809.0,5.5,5-2017,0
Xiaomi,Redmi Note 4x 4/64GB Gold,2809.0,5.5,5-2017,0
Xiaomi,Redmi Note 5 3/32GB Black,3320.0,5.9,5-2018,1
Xiaomi,Redmi Note 5 3/32GB Gold,3671.0,5.9,5-2018,0
Xiaomi,Redmi Note 5 3/32GB Rose Gold,3595.0,5.9,5-2018,0
Xiaomi,Redmi Note 5 4/64GB Gold,3451.0,5.99,5-2018,0
Xiaomi,Redmi Note 6 Pro 3/32GB Blue,3599.0,6.26,10-2018,0
Xiaomi,Redmi Note 6 Pro 4/64GB Blue,5010.0,6.26,10-2018,0
Xiaomi,Redmi Note 6 Pro 4/64GB Rose Gold,5010.0,6.26,10-2018,1
Xiaomi,Redmi Note 7 4/64GB Black,4323.0,6.3,1-2019,0
Xiaomi,Redmi Note 8 3/32GB Blue,4304.0,6.3,11-2019,0
Xiaomi,Redmi Note 8 4/128GB Black,5261.0,6.3,10-2019,1
Xiaomi,Redmi Note 8 4/64GB Blue,4888.0,6.3,9-2019,0
Xiaomi,Redmi Note 8 6/128GB Blue,5514.0,6.3,9-2019,1
Xiaomi,Redmi Note 8 6/64GB White,5164.0,6.3,8-2020,1
Xiaomi,Redmi Note 8 Pro 6/128GB Green,6811.0,6.53,9-2019,1
Xiaomi,Redmi Note 8 Pro 6/64GB Green,6164.0,6.53,9-2019,0
Xiaomi,Redmi Note 8 Pro 8/128GB White,6630.0,6.53,5-2020,0
Xiaomi,Redmi Note 8T 3/32GB Grey,6600.0,6.3,11-2019,0
Xiaomi,Redmi Note 8T 4/64GB Grey,4899.0,6.3,11-2019,0
Xiaomi,Redmi Note 9 3/64GB Grey (no NFC),4834.0,6.53,7-2020,1
Xiaomi,Redmi Note 9 3/64GB Grey NFC,5085.0,6.53,5-2020,1
Xiaomi,Redmi Note 9 4/128GB Grey NFC,5648.0,6.53,5-2020,0
Xiaomi,Redmi Note 9 4/128GB White (no NFC),5210.0,6.53,7-2020,0
Xiaomi,Redmi Note 9 Pro 4/64GB Interstellar Grey,7014.0,6.67,11-2020,1
Xiaomi,Redmi Note 9 Pro 6/128GB Grey,7427.0,6.67,5-2020,1
Xiaomi,Redmi Note 9 Pro 6/64GB Green,6820.0,6.67,5-2020,1
Xiaomi,Redmi Note 9S 4/64GB Grey,5754.0,6.67,4-2020,0
Xiaomi,Redmi Note 9S 6/128GB Grey,6576.0,6.67,4-2020,0
Xiaomi,Redmi Note 9T 4/128GB Nightfall Black,8442.0,6.53,1-2021,1
Xiaomi,Redmi Note 9T 4/64GB Daybreak Purple,7682.0,6.53,1-2021,0
OPPO,Reno 4 Lite 8/128GB Magic Blue,10221.0,6.43,9-2020,1
OPPO,Reno 4 Pro 8/256GB Starry Night,15361.0,6.5,9-2020,1
OPPO,Reno 6/256GB Ocean Green,10341.0,6.4,4-2020,1
OPPO,Reno2 8/256GB Ocean Blue,12535.0,6.5,12-2019,1
OPPO,Reno2 Z 8/128GB Black,8450.0,6.5,12-2019,1
OPPO,Reno4 Z 5G 8/128GB Black,10974.0,6.57,10-2020,0
Land,Rover Tank T3 KUH Black,1382.0,2.4,6-2020,0
Ulefone,S1 1/8GB Black,1697.0,5.5,11-2018,1
Ulefone,S1 1/8GB Black,1697.0,5.5,11-2018,1
Bluboo,S1 Black,3032.0,5.5,10-2017,0
S-TELL,S1-07 Black,299.0,1.8,6-2017,1
S-TELL,S1-07 Gold,299.0,1.8,6-2017,0
2E,S180 DualSim Red,273.0,1.77,9-2018,0
Rezone,S240 Age Black Orange,499.0,2.4,9-2019,0
Rezone,S240 Age Black Orange,499.0,2.4,9-2019,1
Philips,S260 Black,1499.0,5.45,12-2019,1
CAT,S31 Black,6718.0,4.7,2-2018,1
DOOGEE,S40 3/32GB Black,2939.0,5.5,8-2019,0
DOOGEE,S40 Lite 2/16GB Black,2707.0,5.5,8-2020,1
DOOGEE,S40 Lite 2/16GB Black,2707.0,5.5,8-2020,1
DOOGEE,S40 Lite 2/16GB Black,2707.0,5.5,8-2020,1
DOOGEE,S40 Pro 4/64GB Black,3590.0,5.45,11-2020,0
DOOGEE,S40 Pro 4/64GB Black,3590.0,5.45,11-2020,1
CAT,S42 Dual Black,9148.0,5.5,9-2020,0
Lenovo,S5 4/64GB Pink,3245.0,5.7,7-2019,1
Lenovo,S5 Pro 6/64GB Black,4183.0,6.2,3-2019,1
Lenovo,S5 Pro 6/64Gb Blue,3849.0,6.2,8-2019,1
Lenovo,S5 Pro 6/64Gb Gold,3957.0,6.2,8-2019,0
CAT,S52,13259.0,5.65,11-2019,1
DOOGEE,S55 4/64GB Black,3527.0,5.5,2-2019,0
Philips,S561 3/32GB Black,2872.0,5.45,1-2020,0
DOOGEE,S58 Pro 6/64GB Black,4998.0,5.71,9-2020,0
CAT,S60,10977.0,4.7,8-2016,1
DOOGEE,S60 Lite 4/32GB Black,3789.0,5.2,5-2018,1
DOOGEE,S60 Lite 4/32GB Black,3789.0,5.2,5-2018,0
CAT,S61 Black,25649.0,5.2,8-2018,0
CAT,S62 Pro,19229.0,5.7,9-2020,1
DOOGEE,S68 Pro 6/128GB Black,6680.0,5.9,1-2020,0
DOOGEE,S88 Pro 6/128GB Black,6514.0,6.3,8-2020,1
DOOGEE,S90C 4/128GB Black,5612.0,6.18,8-2020,1
DOOGEE,S90C 4/64GB Black,5299.0,6.18,12-2019,0
DOOGEE,S90C 4/64GB Black,5299.0,6.18,12-2019,1
DOOGEE,S90C 4/64GB Black,5299.0,6.18,12-2019,1
DOOGEE,S90C 4/64GB GIFT Orange,8071.0,6.18,4-2020,0
DOOGEE,S95 Pro 8/128GB Black,8904.0,6.3,2-2020,1
DOOGEE,S95 Pro 8/256GB Mineral Black,9430.0,6.3,7-2020,1
DOOGEE,S96 Pro 8/128GB Black,7791.0,6.22,1-2021,0
DOOGEE,S96 Pro 8/128GB Green,7842.0,6.22,1-2021,0
DOOGEE,S96 Pro 8/128GB Orange,7903.0,6.22,1-2021,1
MAFAM,SUN6 Blue,899.0,3.0,12-2019,1
Archos,Sense 55DC 16GB Black,1799.0,5.5,6-2018,1
Archos,Sense 55DC 16GB Gold,2299.0,5.5,3-2018,0
Archos,Sense 55DC 16GB Gold,2299.0,5.5,3-2018,0
Archos,Sense 55DC 16GB Gold,2299.0,5.5,3-2018,1
Archos,Sense 55S 16GB Black,2775.0,5.5,3-2018,0
Assistant,Shine AS-5435 Blue,1599.0,5.0,6-2017,1
Jinga,Simple F200n Black,249.0,1.77,2-2020,0
Jinga,Simple F200n Black,249.0,1.77,2-2020,0
Vodafone,Smart Ultra Dark Gray,2142.0,5.5,1-2017,1
Tecno,Spark 4 KC2 3/32GB Royal Purple,2999.0,6.52,11-2019,1
Tecno,Spark 4 Lite 2/32GB Midnight Black (4895180754593),2321.0,6.52,5-2020,0
Tecno,Spark 5 Pro KD7 4/128GB DS Spark Orange,3762.0,6.6,7-2020,1
Tecno,Spark 5 Pro KD7 4/64GB DS Spark Orange,3583.0,6.6,7-2020,0
Tecno,Spark 6 Go KE5 2/32GB Aqua Blue (4895180762383),2769.0,6.52,10-2020,0
Tecno,Spark 6 Go KE5j 3/64GB Aqua Blue (4895180762918),3193.0,6.52,11-2020,1
Tecno,Spark 6 KE7 4/128GB Comet Black (4895180762079),4129.0,6.8,11-2020,0
Tecno,Spark 6 KE7 4/64GB Ocean Blue (4895180762024),3750.0,6.8,11-2020,0
Microsoft,Surface Duo 6GB/256GB (TGM-00001),44232.0,8.1,1-2021,0
iOutdoor,T1 Yellow,1048.0,2.4,4-2020,0
iOutdoor,T1 Yellow,1048.0,2.4,4-2020,0
Vernee,T3 Pro 3/16GB Black,1949.0,5.5,12-2018,1
Vernee,T3 Pro 3/16GB Black,1949.0,5.5,12-2018,0
Tecno,T301 Black (4895180743320),294.0,1.77,12-2019,1
Tecno,T372 TripleSIM Black (4895180746833),366.0,2.4,12-2019,1
Tecno,T454 Champagne Gold (4895180745980),536.0,2.8,12-2020,0
Tecno,T474 Blue (4895180748004),614.0,2.8,12-2020,0
Elephone,U 6/128GB Black,5095.0,5.99,11-2019,0
HTC,U11 4/64GB Black 99HAMB075-00,5649.0,5.5,6-2017,0
HTC,U11 4/64GB White,5899.0,5.5,6-2017,1
HTC,U20 5G 8/256GB White,19649.0,6.8,11-2020,1
Elephone,U3H 8/256GB Black,6615.0,6.53,6-2020,0
Elephone,U3H 8/256GB Black,6615.0,6.53,6-2020,0
Honor,V10 6/128GB Dual Beach Gold,6980.0,5.9,1-2018,1
Viaan,V182 Black,249.0,1.8,9-2017,0
vivo,V20 8/128GB Midnight Jazz,11632.0,6.44,10-2020,1
vivo,V20 8/128GB Sunset Melody,11360.0,6.44,10-2020,0
vivo,V20 SE 8/128GB Gravity Black,8762.0,6.44,10-2020,1
Viaan,V241 (Black),326.0,2.4,9-2016,1
Viaan,V281 Black,400.0,2.8,4-2017,0
Viaan,V281 Black,400.0,2.8,4-2017,1
LG,V40 ThinQ 4/64GB Aurora Black,6874.0,6.4,11-2019,1
LG,V50 ThinQ 5G 6/128GB Single Sim Black,9798.0,6.4,10-2019,0
LG,V50S ThinQ 5G 8/256GB Aurora Black,10499.0,6.4,5-2020,0
Honor,V9 6/64GB Red,6186.0,5.7,10-2018,1
Honor,V9 6/64GB Red,6186.0,5.7,10-2018,0
LG,Velvet 5G LM-G900EM 6/128GB Aurora Gray,15525.0,6.8,12-2020,1
Oukitel,WP1 4/64GB Black,3404.0,5.5,2-2019,1
Oukitel,WP2 4/64GB Black,4449.0,6.0,2-2019,1
Oukitel,WP2 4/64GB Gold,4433.0,6.0,2-2019,0
Oukitel,WP5 3/32GB Black,3149.0,5.5,4-2020,1
Oukitel,WP5 Pro 4/64GB Black,3813.0,5.5,8-2020,1
Oukitel,WP6 4/128GB Black,5231.0,6.3,9-2020,1
Oukitel,WP6 6/128GB Black,6628.0,6.3,6-2020,1
Oukitel,WP7 8/128GB Black,9981.0,6.53,6-2020,0
Oukitel,WP8 Pro 4/64GB Black,4897.0,6.49,11-2020,0
Vernee,X 4/64GB Black,2823.0,6.0,10-2018,1
Samsung,X Cover 4s G398F (SM-G398FZKD),7130.0,5.0,8-2019,0
LG,X Screen 16GB Single K500n White,2749.0,4.93,10-2019,0
Sigma mobile,X-STYLE 241 SNAP Black,647.0,2.4,1-2021,0
Sigma mobile,X-TREME IO93,950.0,2.4,12-2020,1
Sigma mobile,X-TREME IO93,950.0,2.4,12-2020,1
Sigma mobile,X-TREME PQ39 ULTRA Black,9323.0,5.5,11-2020,0
Sigma mobile,X-TREME PQ39 ULTRA Black-Green,9348.0,5.5,11-2020,0
Sigma mobile,X-TREME PQ54 MAX,6883.0,5.7,11-2020,1
Sigma mobile,X-style 17 Update Black,311.0,1.77,2-2020,0
Sigma mobile,X-style 18 TRACK Black,328.0,1.77,2-2020,1
Sigma mobile,X-style 24 ONYX Grey,730.0,2.4,7-2019,1
Sigma mobile,X-style 31 Power Black,684.0,2.8,1-2018,1
Sigma mobile,X-style 31 Power Blue,687.0,2.8,1-2018,1
Sigma mobile,X-style 31 Power Orange,682.0,2.8,8-2020,1
Sigma mobile,X-style 31 Power Orange,682.0,2.8,8-2020,0
Sigma mobile,X-style 31 Power Yellow,680.0,2.8,8-2020,0
Sigma mobile,X-style 32 Boombox Black,815.0,2.4,12-2017,1
Sigma mobile,X-style 32 Boombox Red,819.0,2.4,12-2017,1
Sigma mobile,X-style 33 Steel Grey,879.0,2.8,2-2018,1
Sigma mobile,X-style 33 Steel Red,818.0,2.8,2-2018,0
Sigma mobile,X-style 34NRG Black,570.0,2.4,11-2019,0
Sigma mobile,X-style 34NRG Blue,569.0,2.4,11-2019,0
Sigma mobile,X-style 36 Point Black,705.0,3.2,8-2020,1
Sigma mobile,X-style S3500 sKai Black,1036.0,2.4,9-2019,0
Sigma mobile,X-treme DT68 black,1206.0,2.4,3-2018,1
Sigma mobile,X-treme DT68 black-red,1225.0,2.4,3-2018,0
Sigma mobile,X-treme DZ68 Black,2066.0,2.4,10-2018,0
Sigma mobile,X-treme DZ68 Black-yellow,2049.0,2.4,10-2018,0
Sigma mobile,X-treme DZ68 Black-yellow,2049.0,2.4,10-2018,0
Sigma mobile,X-treme IT67m black-orange,1067.0,2.2,6-2019,0
Sigma mobile,X-treme PQ20 Black,2552.0,5.0,8-2019,1
Sigma mobile,X-treme PQ20 Black Orange,2546.0,5.0,8-2019,0
Sigma mobile,X-treme PQ20 Black Orange,2546.0,5.0,8-2019,1
Sigma mobile,X-treme PQ24 Black,2999.0,5.0,1-2017,1
Sigma mobile,X-treme PQ24 Black/Orange,2999.0,5.0,1-2017,0
Sigma mobile,X-treme PQ29 Black,4175.0,5.0,4-2019,0
Sigma mobile,X-treme PQ29 Black-Orange,4074.0,5.0,4-2019,1
Sigma mobile,X-treme PQ29 Black-Orange,4074.0,5.0,4-2019,0
Sigma mobile,X-treme PQ36 Black,4606.0,5.45,4-2020,1
Sigma mobile,X-treme PQ36 Orange,4671.0,5.45,4-2020,1
Sigma mobile,X-treme PQ39 Black,7399.0,5.5,3-2018,1
Sigma mobile,X-treme PQ52 Black-Orange,3999.0,5.0,2-2018,0
Sigma mobile,X-treme PQ53 Black,4983.0,5.7,10-2018,1
Sigma mobile,X-treme PQ54 Black (4827798865712),6603.0,5.7,12-2018,0
Sigma mobile,X-treme PT68 Black,1558.0,2.4,7-2018,1
Sigma mobile,X-treme ST68 Black,1399.0,2.8,2-2019,1
Sigma mobile,X-treme ST68 black-yellow,1405.0,2.8,2-2019,0
Cubot,X19 4/64GB Black,3016.0,5.93,8-2020,1
realme,X2 Pro 8/128GB Lunar White,10999.0,6.5,3-2020,0
Cubot,X20 Pro 6/128GB Black,4265.0,6.3,6-2020,1
AGM,X3 6/64GB Black,11278.0,5.99,11-2019,1
AGM,X3 8/64GB Black,15048.0,5.99,6-2020,1
AGM,X3 8/64GB Black,15048.0,5.99,6-2020,1
realme,X50 5G 6/128GB Jungle Green,9049.0,6.57,10-2020,0
vivo,X50 8/128GB Frost Blue,15507.0,6.56,7-2020,1
vivo,X50 8/128GB Graze Black,15505.0,6.56,7-2020,0
realme,X50 Pro 5G 8/128GB Green,14659.0,6.44,6-2020,0
realme,X50 Pro 5G 8/256GB Rust Red,14785.0,6.44,1-2021,1
vivo,X50 Pro 8/256GB Alpha Grey,24519.0,6.56,7-2020,0
DOOGEE,X60L Matte Black (6924351653118),2200.0,5.5,4-2018,0
Nokia,X7 Dual Sim 6/128GB Black,7515.0,6.18,10-2019,0
Nokia,X7 Dual Sim 6/64GB Black,6916.0,6.18,8-2019,0
DOOGEE,X90 1/16GB Black,1844.0,6.1,5-2019,0
DOOGEE,X90 1/16GB Blue,1967.0,6.1,5-2019,1
DOOGEE,X90 1/16GB Gold,1949.0,6.1,5-2019,1
DOOGEE,X90 1/16GB Gold,1949.0,6.1,5-2019,0
DOOGEE,X90L 3/16GB Green,2399.0,6.1,5-2019,1
DOOGEE,X90L 3/16GB Purple,2399.0,6.1,5-2019,1
DOOGEE,X90L 3/16GB Purple,2399.0,6.1,5-2019,0
DOOGEE,X95 2/16GB Black,2494.0,6.52,6-2020,1
DOOGEE,X95 2/16GB Green,2517.0,6.52,6-2020,0
DOOGEE,X95 2/16GB Green,2517.0,6.52,6-2020,0
Philips,Xenium E106 Black,517.0,1.77,6-2017,1
Philips,Xenium E109 Black,480.0,1.77,6-2019,1
Philips,Xenium E182 Blue,1368.0,2.4,8-2019,0
Philips,Xenium E255 Black,1395.0,2.4,8-2019,1
Philips,Xenium E255 Blue,1393.0,2.4,12-2019,1
Philips,Xenium E255 Red,1397.0,2.4,8-2020,1
Philips,Xenium E580 Dual Sim Black,1978.0,2.8,2-2020,0
Sony,Xperia 1 II XQ-AT51 8/256GB Black,29990.0,6.5,12-2020,1
Sony,Xperia 1 II XQ-AT51 8/256GB Black,29990.0,6.5,12-2020,0
Sony,Xperia 1 II XQ-AT52 12/256GB Mirror Lake Green,34165.0,6.5,12-2020,1
Sony,Xperia 1 II XQ-AT52 8/256GB Purple,31426.0,6.5,8-2020,0
Sony,Xperia 1 J9110 Black,18063.0,6.5,6-2019,0
Sony,Xperia 10 I4113 Black,5599.0,6.0,3-2019,1
Sony,Xperia 10 II 4/128GB Mint,10887.0,6.0,8-2020,0
Sony,Xperia 5 II 8/128GB Black,29990.0,6.1,12-2020,0
Sony,Xperia 5 II 8/256GB Blue,29927.0,6.1,10-2020,1
Sony,Xperia 5 J9210 6/128GB Black,17475.0,6.1,9-2019,1
Sony,Xperia C5 Ultra Dual E5533 (Black),8999.0,6.0,9-2015,1
Sony,Xperia XA1 Dual (G3112) Black,3399.0,5.0,5-2017,1
Sony,Xperia XA1 Dual (G3112) Black,3399.0,5.0,5-2017,1
Sony,Xperia XZ (Black),5749.0,5.2,9-2016,1
Sony,Xperia XZ (Blue),5199.0,5.2,9-2016,1
Sony,Xperia XZ (Blue),5199.0,5.2,9-2016,0
Sony,Xperia XZ Dual F8332 (Black),5199.0,5.2,10-2016,0
Sony,Xperia Z (Black),2070.0,5.0,1-2013,0
Sony,Xperia Z5 Dual E6683 (White),5244.0,5.2,9-2015,0
Sony,Xperia Z5 Premium E6853 (Black),4560.0,5.5,9-2015,1
LEAGOO,Xrover C 2/16GB Black,2684.0,5.72,3-2020,0
vivo,Y11 3/32GB Agate Red,3497.0,6.35,12-2019,1
vivo,Y15 4/64GB Aqua Blue,4249.0,6.35,7-2019,0
vivo,Y15 4/64GB Aqua Blue,4249.0,6.35,7-2019,0
vivo,Y15 4/64GB Burgundy Red,4356.0,6.35,7-2019,0
vivo,Y19 4/128GB Black,4998.0,6.53,12-2019,1
vivo,Y1S 2/32GB Black,3117.0,6.22,7-2020,1
vivo,Y1S 2/32GB Blue,3080.0,6.22,7-2020,1
vivo,Y20 4/64GB Nebula Blue,4732.0,6.51,10-2020,0
vivo,Y20 4/64GB Obsidian Black,4752.0,6.51,10-2020,0
vivo,Y30 4/64GB Black,4481.0,6.47,7-2020,1
vivo,Y30 4/64GB Blue,4467.0,6.47,7-2020,0
HUAWEI,Y5 2019 2/16GB Black (51093SHA),2742.0,5.71,5-2019,0
HUAWEI,Y5 2019 2/16GB Black (51093SHA),2742.0,5.71,5-2019,0
HUAWEI,Y5 2019 2/16GB Brown (51093SHE),2768.0,5.71,5-2019,0
HUAWEI,Y5p 2/32GB Mint Green (51095MUB),2598.0,5.45,5-2020,0
HUAWEI,Y6 2019 DS Amber Brown (51093PMR),3195.0,6.09,3-2019,1
HUAWEI,Y6 2019 DS Amber Brown (51093PMR),3195.0,6.09,3-2019,0
HUAWEI,Y6 2019 DS Blue,3121.0,6.09,4-2019,1
HUAWEI,Y6 2019 DS Blue,3121.0,6.09,4-2019,0
HUAWEI,Y6 2019 DS Midnight Black (51093PMP),2974.0,6.09,3-2019,0
HUAWEI,Y6 Prime 2018 3/32GB Gold (51092MFF),3869.0,5.7,5-2018,0
HUAWEI,Y6 Prime 2018 3/32GB Gold (51092MFF),3869.0,5.7,5-2018,1
HUAWEI,Y6 Pro (Gold),2687.0,5.0,3-2016,1
HUAWEI,Y6p 3/64GB Midnight Black (51095KYP),3812.0,6.3,5-2020,1
HUAWEI,Y6s 3/32GB Orhid Blue (51094WBU),3516.0,6.09,1-2020,1
HUAWEI,Y6s 3/32GB Orhid Blue (51094WBU),3516.0,6.09,1-2020,0
HUAWEI,Y6s 3/32GB Starry Black (51094WBW),3496.0,6.09,1-2020,1
HUAWEI,Y7 2019 3/32GB Coral Red (51093HEW),3702.0,6.26,2-2019,1
HUAWEI,Y7 2019 3/32GB Coral Red (51093HEW),3702.0,6.26,2-2019,0
HUAWEI,Y7 Prime 2018 3/32GB Black (51092JHA),4190.0,5.99,5-2018,1
DOOGEE,Y9 Plus 4/64GB Black,3199.0,6.3,12-2019,1
DOOGEE,Y9 Plus 4/64GB Blue,3199.0,6.3,12-2019,1
ASUS,ZenFone Live ZB501KL Navy Black (ZB501KL-4A053A),3145.0,5.0,7-2018,1
ASUS,Zenfone 5 ZE620KL 4/64GB Blue (ZE620KL-1A012WW),5663.0,6.2,3-2018,0
ASUS,Zenfone 7 Pro ZS671KS 8/256GB Black,27417.0,6.67,10-2020,1
ASUS,Zenfone 7 ZS670KS 8/128GB Black,21435.0,6.67,10-2020,0
Nomi,i144c Black,249.0,1.44,9-2020,1
Nomi,i144c Red,241.0,1.44,9-2020,1
Nomi,i144c Red,241.0,1.44,9-2020,1
Nomi,i144m Black,220.0,1.44,9-2020,1
Nomi,i144m Blue,235.0,1.44,12-2019,0
Nomi,i187 Black,398.0,1.77,7-2019,1
Nomi,i187 Black,398.0,1.77,7-2019,1
Nomi,i187 White,392.0,1.77,7-2019,1
Nomi,i189 Black,308.0,1.77,12-2019,1
Nomi,i189 Blue,303.0,1.77,1-2020,0
Nomi,i220 Black,596.0,2.2,10-2019,0
Nomi,i220 Red,598.0,2.2,10-2019,0
Nomi,i240 (Black),530.0,2.4,12-2014,1
Nomi,i2400 Black,692.0,2.4,1-2020,1
Nomi,i2400 Black,692.0,2.4,1-2020,0
Nomi,i2400 Red,687.0,2.4,8-2019,1
Nomi,i2401 Red,387.0,2.4,2-2020,0
Nomi,i2410 Grey,529.0,2.4,1-2020,1
Nomi,i2410 Grey,529.0,2.4,1-2020,0
Nomi,i248 Black,395.0,2.4,2-2019,1
Nomi,i281 Black,733.0,2.8,8-2017,1
Nomi,i281 Black,733.0,2.8,8-2017,1
Nomi,i281 Red,741.0,2.8,8-2017,0
Nomi,i282 Grey,689.0,2.8,9-2017,1
Nomi,i283 Red,999.0,2.8,10-2018,0
Nomi,i284 Black,584.0,2.8,1-2020,0
Nomi,i284 Red,574.0,2.8,1-2020,0
Nomi,i284 Violet-blue,580.0,2.8,1-2020,1
Nomi,i285 X-Treme Black-Yellow,1071.0,2.8,8-2019,0
Apple,iPhone 11 128GB Black (MWLE2),22320.0,6.1,9-2019,0
Apple,iPhone 11 128GB Dual Sim Black (MWN72),23176.0,6.1,9-2019,0
Apple,iPhone 11 128GB Slim Box Black (MHDH3),22105.0,6.1,11-2020,1
Apple,iPhone 11 256GB Black (MWLL2),25919.0,6.1,9-2019,1
Apple,iPhone 11 256GB Slim Box Black (MHDP3),26090.0,6.1,11-2020,1
Apple,iPhone 11 64GB Black (MWLT2),20889.0,6.1,9-2019,0
Apple,iPhone 11 64GB Dual Sim White (MWN12),20986.0,6.1,9-2019,1
Apple,iPhone 11 64GB Slim Box Black (MHDA3),21228.0,6.1,11-2020,0
Apple,iPhone 11 Pro 256GB Dual Sim Midnight Green (MWDH2),33505.0,5.8,10-2019,1
Apple,iPhone 11 Pro 256GB Midnight Green (MWCQ2),31724.0,5.8,9-2019,0
Apple,iPhone 11 Pro 512GB Dual Sim Silver (MWDK2),36188.0,5.8,10-2019,1
Apple,iPhone 11 Pro 512GB Midnight Green (MWCV2),34617.0,5.8,9-2019,1
Apple,iPhone 11 Pro 64GB Dual Sim Silver (MWDA2),29614.0,5.8,10-2019,1
Apple,iPhone 11 Pro 64GB Space Gray (MWC22/MWCH2),28735.0,5.8,9-2019,1
Apple,iPhone 11 Pro Max 256GB Dual Sim Gold (MWF32),38918.0,6.5,10-2019,0
Apple,iPhone 11 Pro Max 256GB Midnight Green (MWH72),35280.0,6.5,9-2019,0
Apple,iPhone 11 Pro Max 512GB Dual Sim Silver (MWF62),42968.0,6.5,10-2019,1
Apple,iPhone 11 Pro Max 512GB Space Gray (MWH82),38447.0,6.5,9-2019,1
Apple,iPhone 11 Pro Max 64GB Dual Sim Space Gray (MWEV2),32583.0,6.5,10-2019,0
Apple,iPhone 11 Pro Max 64GB Dual Sim Space Gray (MWEV2),32583.0,6.5,10-2019,1
Apple,iPhone 11 Pro Max 64GB Space Gray (MWGY2; MWHD2),32053.0,6.5,9-2019,1
Apple,iPhone 12 128GB Black (MGJA3/MGHC3),28735.0,6.1,10-2020,0
Apple,iPhone 12 128GB Dual Sim Black (MGGU3),29168.0,6.1,10-2020,0
Apple,iPhone 12 256GB Black (MGJG3/MGHH3),31795.0,6.1,10-2020,1
Apple,iPhone 12 256GB Dual Sim Black (MGH13),33660.0,6.1,10-2020,0
Apple,iPhone 12 64GB Blue (MGJ83/MGH93),26840.0,6.1,10-2020,0
Apple,iPhone 12 64GB Dual Sim (PRODUCT)RED (MGGP3),25792.0,6.1,10-2020,1
Apple,iPhone 12 Pro 128GB Dual Sim Pacific Blue (MGLD3),35507.0,6.1,10-2020,0
Apple,iPhone 12 Pro 128GB Pacific Blue (MGMN3/MGLR3),33992.0,6.1,10-2020,0
Apple,iPhone 12 Pro 256GB Dual Sim Pacific Blue (MGLH3),38912.0,6.1,10-2020,1
Apple,iPhone 12 Pro 256GB Pacific Blue (MGMT3/MGLW3),37068.0,6.1,10-2020,0
Apple,iPhone 12 Pro 512GB Dual Sim Pacific Blue (MGLM3),46503.0,6.1,10-2020,0
Apple,iPhone 12 Pro 512GB Pacific Blue (MGMX3/MGM43),44716.0,6.1,10-2020,1
Apple,iPhone 12 Pro Max 128GB Dual Sim Graphite (MGC03),37574.0,6.7,11-2020,1
Apple,iPhone 12 Pro Max 128GB Graphite (MGD73),37455.0,6.7,10-2020,1
Apple,iPhone 12 Pro Max 256GB Dual Sim Pacific Blue (MGC73),41729.0,6.7,11-2020,0
Apple,iPhone 12 Pro Max 256GB Pacific Blue (MGDF3),40910.0,6.7,10-2020,1
Apple,iPhone 12 Pro Max 512GB Dual Sim Pacific Blue (MGCE3),49242.0,6.7,11-2020,1
Apple,iPhone 12 Pro Max 512GB Pacific Blue (MGDL3),46325.0,6.7,10-2020,0
Apple,iPhone 12 mini 128GB Black (MGE33),25687.0,5.4,10-2020,1
Apple,iPhone 12 mini 256GB Black (MGE93),31369.0,5.4,10-2020,1
Apple,iPhone 12 mini 64GB Black (MGDX3),23939.0,5.4,10-2020,1
Apple,iPhone 5C 32GB (White),3000.0,4.0,9-2013,0
Apple,iPhone 5C 8GB (White),2445.0,4.0,4-2014,0
Apple,iPhone 5S 16GB Space Gray (ME432),4691.0,4.0,9-2013,1
Apple,iPhone 5S 32GB (Space Gray),3704.0,4.0,9-2013,1
Apple,iPhone 6 128GB (Gold),5250.0,4.7,9-2014,0
Apple,iPhone 6 16GB Space Gray (MG472),4266.0,4.7,9-2014,0
Apple,iPhone 6 32GB Space Grey (MQ3D2),6988.0,4.7,3-2017,0
Apple,iPhone 6 64GB Space Gray (MG4F2),4623.0,4.7,9-2014,1
Apple,iPhone 6 Plus 128GB (Space Gray),6400.0,5.5,9-2014,1
Apple,iPhone 6 Plus 16GB (Silver),5242.0,5.5,9-2014,0
Apple,iPhone 6 Plus 64GB Space Gray (MGAH2),5889.0,5.5,9-2014,1
Apple,iPhone 6s 128GB Space Gray (MKQT2),6876.0,4.7,9-2015,0
Apple,iPhone 6s 128GB Space Gray (MKQT2),6876.0,4.7,9-2015,1
Apple,iPhone 6s 16GB Space Gray (MKQJ2),5181.0,4.7,9-2015,1
Apple,iPhone 6s 32GB Space Gray (MN0W2),5917.0,4.7,9-2016,0
Apple,iPhone 6s 64GB Space Gray (MKQN2),9057.0,4.7,9-2015,0
Apple,iPhone 6s Plus 16GB Space Gray (MKU12),6500.0,5.5,9-2015,0
Apple,iPhone 6s Plus 32GB Space Gray (MN2V2),9422.0,5.5,9-2016,0
Apple,iPhone 6s Plus 64GB Space Gray (MKU62),7074.0,5.5,9-2015,1
Apple,iPhone 7 128GB Jet Black (MN962),11829.0,4.7,9-2016,0
Apple,iPhone 7 256GB Black (MN972),12446.0,4.7,9-2016,1
Apple,iPhone 7 256GB Black (MN972),12446.0,4.7,9-2016,0
Apple,iPhone 7 32GB Black (MN8X2),9571.0,4.7,9-2016,0
Apple,iPhone 7 Plus 128GB Black (MN4M2),14468.0,5.5,9-2016,0
Apple,iPhone 7 Plus 256GB Rose Gold (MN502),16392.0,5.5,9-2016,0
Apple,iPhone 7 Plus 32GB Black (MNQM2),12412.0,5.5,9-2016,1
Apple,iPhone 7 Plus 32GB Black (MNQM2),12412.0,5.5,9-2016,1
Apple,iPhone 8 128GB Gold (MX182),13575.0,4.7,10-2019,0
Apple,iPhone 8 256GB Space Gray (MQ7F2),14817.0,4.7,9-2017,0
Apple,iPhone 8 64GB Space Gray (MQ6G2),11745.0,4.7,9-2017,1
Apple,iPhone 8 Plus 128GB Gold (MX262),18509.0,5.5,10-2019,0
Apple,iPhone 8 Plus 256GB Space Gray (MQ8G2),19043.0,5.5,9-2017,1
Apple,iPhone 8 Plus 64GB Space Gray (MQ8L2),15605.0,5.5,9-2017,1
Apple,iPhone SE 128GB Space Grey (MP862),10260.0,4.0,3-2017,1
Apple,iPhone SE 16GB Space Gray (MLLN2),6240.0,4.0,3-2016,0
Apple,iPhone SE 2020 128GB Black (MXD02/MXCW2),15533.0,4.7,4-2020,0
Apple,iPhone SE 2020 128GB Slim Box Black (MHGT3),15937.0,4.7,11-2020,1
Apple,iPhone SE 2020 256GB Black (MXVT2/MXVP2),17076.0,4.7,4-2020,0
Apple,iPhone SE 2020 256GB Slim Box White (MHGX3),16104.0,4.7,11-2020,1
Apple,iPhone SE 2020 64GB Black (MX9R2/MX9N2),13806.0,4.7,4-2020,1
Apple,iPhone SE 2020 64GB Slim Box Black (MHGP3),14142.0,4.7,11-2020,0
Apple,iPhone SE 32GB Space Grey (MP822),7991.0,4.0,3-2017,0
Apple,iPhone SE 64GB Space Gray (MLM62),7328.0,4.0,3-2016,1
Apple,iPhone SE 64GB Space Gray (MLM62),7328.0,4.0,3-2016,1
Apple,iPhone X 256GB Silver (MQAG2),18713.0,5.8,9-2017,1
Apple,iPhone X 64GB Space Gray (MQAC2),14185.0,5.8,9-2017,1
Apple,iPhone XR 128GB Black (MRY92),19050.0,6.1,9-2018,0
Apple,iPhone XR 128GB Slim Box Black (MH7L3),19810.0,6.1,11-2020,1
Apple,iPhone XR 256GB Black (MRYJ2),21688.0,6.1,9-2018,1
Apple,iPhone XR 64GB Black (MRY42),16938.0,6.1,9-2018,1
Apple,iPhone XR 64GB Slim Box Black (MH6M3),17977.0,6.1,11-2020,0
Apple,iPhone XR Dual Sim 128GB Black (MT192),22520.0,6.1,11-2018,0
Apple,iPhone XR Dual Sim 64GB Black (MT122),20143.0,6.1,11-2018,0
Apple,iPhone XS 256GB Gold (MT9K2),21463.0,5.8,9-2018,0
Apple,iPhone XS 512GB Silver (MT9M2),22842.0,5.8,9-2018,1
Apple,iPhone XS 64GB Space Gray (MT9E2),19790.0,5.8,9-2018,0
Apple,iPhone XS Max 256GB Gold (MT552),24184.0,6.5,9-2018,1
Apple,iPhone XS Max 512GB Space Gray (MT622),27190.0,6.5,9-2018,0
Apple,iPhone XS Max 64GB Gold (MT522),22685.0,6.5,9-2018,1
Apple,iPhone XS Max Dual Sim 64GB Gold (MT732),24600.0,6.5,9-2018,0
HUAWEI,nova 5T 6/128GB Black (51094MEU),8804.0,6.26,11-2019,1
ZTE,nubia Red Magic 5G 8/128GB Black,18755.0,6.65,10-2020,1
Sigma mobile,x-style 35 Screen,907.0,3.5,1-2020,1
